"","rn","coef","xDecompAgg","xDecompPerc","xDecompMeanNon0","xDecompMeanNon0Perc","xDecompAggRF","xDecompPercRF","xDecompMeanNon0RF","xDecompMeanNon0PercRF","pos","rsq_train","nrmse","decomp.rssd","mape","lambda","lambda_hp","lambda_max","lambda_min_ratio","iterPar","iterNG","df.int","trial","iterations","solID","robynPareto","total_spend","mean_spend","spend_share","effect_share","roi_mean","roi_total","cpa_total","mean_response","next_unit_response"
"1","(Intercept)",101759538.339418,8039003528.81404,0.732159266597378,101759538.339418,0.723915060540409,8039003528.81404,0.732159266597378,101759538.339418,0.723915060540409,TRUE,-0.0587922805042345,0.254905278421597,0.0536945000089638,126.974456067661,12776230384.3065,0.795707186745459,16056034913.1787,1e-04,16,91,1,1,1456,"1_91_16",1,NA,NA,NA,NA,NA,NA,NA,NA,NA
"2","trend",0.0153261188080952,217031865.555062,0.0197663666825752,2747238.80449445,0.0195437948906671,217031865.555062,0.0197663666825752,2747238.80449445,0.0195437948906671,TRUE,-0.0587922805042345,0.254905278421597,0.0536945000089638,126.974456067661,12776230384.3065,0.795707186745459,16056034913.1787,1e-04,16,91,1,1,1456,"1_91_16",1,NA,NA,NA,NA,NA,NA,NA,NA,NA
"3","season",0.0133856983054219,-47948820.8211141,-0.00436698072849024,-606947.099001444,-0.00431780797248621,-47948820.8211141,-0.00436698072849024,-606947.099001444,-0.00431780797248621,FALSE,-0.0587922805042345,0.254905278421597,0.0536945000089638,126.974456067661,12776230384.3065,0.795707186745459,16056034913.1787,1e-04,16,91,1,1,1456,"1_91_16",1,NA,NA,NA,NA,NA,NA,NA,NA,NA
"4","holiday",0.0163014132136599,-179503.382780528,-1.6348427341433e-05,-11218.961423783,-7.98114385229317e-05,-179503.382780528,-1.6348427341433e-05,-11218.961423783,-7.98114385229317e-05,FALSE,-0.0587922805042345,0.254905278421597,0.0536945000089638,126.974456067661,12776230384.3065,0.795707186745459,16056034913.1787,1e-04,16,91,1,1,1456,"1_91_16",1,NA,NA,NA,NA,NA,NA,NA,NA,NA
"5","cag_V",-0.0705223595835299,-102238648.343997,-0.00931147417974715,0,0,-102238648.343997,-0.00931147417974715,0,0,FALSE,-0.0587922805042345,0.254905278421597,0.0536945000089638,126.974456067661,12776230384.3065,0.795707186745459,16056034913.1787,1e-04,16,91,1,1,1456,"1_91_16",1,NA,NA,NA,NA,NA,NA,NA,NA,NA
"6","Influencer_S",10069306.2952824,78312569.5354223,0.00713238565835903,991298.34854965,0.00705207409265483,78312569.5354223,0.00713238565835903,991298.34854965,0.00705207409265483,TRUE,-0.0587922805042345,0.254905278421597,0.0536945000089638,126.974456067661,12776230384.3065,0.795707186745459,16056034913.1787,1e-04,16,91,1,1,1456,"1_91_16",1,380139708.92,4936879.33662338,0.690898160345059,0.666415212061518,0.059066281119628,0.206009968697859,4.85413403206053,291603.102750679,0.149270828580484
"7","Social_Media_S",362062.571270938,2796923.03433628,0.000254732207817685,35404.0890422314,0.000251863890900308,2796923.03433628,0.000254732207817685,35404.0890422314,0.000251863890900308,TRUE,-0.0587922805042345,0.254905278421597,0.0536945000089638,126.974456067661,12776230384.3065,0.795707186745459,16056034913.1787,1e-04,16,91,1,1,1456,"1_91_16",1,23689500,364453.846153846,0.0430553072605701,0.0238009309119128,0.038730603715952,0.118065937834749,8.46984336328784,14115.5174881392,0.0940486084364238
"8","Radio_S",4681734.46148464,36403685.5780913,0.003315497454226,758410.116210235,0.00539531246063168,36403685.5780913,0.003315497454226,758410.116210235,0.00539531246063168,TRUE,-0.0587922805042345,0.254905278421597,0.0536945000089638,126.974456067661,12776230384.3065,0.795707186745459,16056034913.1787,1e-04,16,91,1,1,1456,"1_91_16",1,146381706,13307427.8181818,0.26604653239437,0.309783857026569,0.257982805667929,0.248690130569262,4.02106829776863,3433087.56475799,0.108508203178644
"9","beef",37788112.4810192,1436461603.80123,0.130826994983239,18183058.2759649,0.129353866452792,1436461603.80123,0.130826994983239,18183058.2759649,0.129353866452792,TRUE,-0.0587922805042345,0.254905278421597,0.0536945000089638,126.974456067661,12776230384.3065,0.795707186745459,16056034913.1787,1e-04,16,91,1,1,1456,"1_91_16",1,NA,NA,NA,NA,NA,NA,NA,NA,NA
"10","chicken",33853643.6633525,1320213086.47971,0.120239559751984,16711558.0567052,0.118885647082953,1320213086.47971,0.120239559751984,16711558.0567052,0.118885647082953,TRUE,-0.0587922805042345,0.254905278421597,0.0536945000089638,126.974456067661,12776230384.3065,0.795707186745459,16056034913.1787,1e-04,16,91,1,1,1456,"1_91_16",1,NA,NA,NA,NA,NA,NA,NA,NA,NA
"11","(Intercept)",75378327.4238888,5954887866.48722,0.542346612657863,75378327.4238888,0.536292612354917,5954887866.48722,0.542346612657863,75378327.4238888,0.536292612354917,TRUE,-0.0590812037119175,0.254940055321877,0.0504554610069362,126.356000720067,12885219004.5099,0.802495881510059,16056034913.1787,1e-04,13,121,1,1,1933,"1_121_13",1,NA,NA,NA,NA,NA,NA,NA,NA,NA
"12","trend",0.0152261152770072,215615724.05271,0.0196373903585764,2729312.96269253,0.0194181859523808,215615724.05271,0.0196373903585764,2729312.96269253,0.0194181859523808,TRUE,-0.0590812037119175,0.254940055321877,0.0504554610069362,126.356000720067,12885219004.5099,0.802495881510059,16056034913.1787,1e-04,13,121,1,1,1933,"1_121_13",1,NA,NA,NA,NA,NA,NA,NA,NA,NA
"13","season",0.0132741690640641,-47549312.6678475,-0.0043305951745535,-601890.033770222,-0.00428225445685233,-47549312.6678475,-0.0043305951745535,-601890.033770222,-0.00428225445685233,FALSE,-0.0590812037119175,0.254940055321877,0.0504554610069362,126.356000720067,12885219004.5099,0.802495881510059,16056034913.1787,1e-04,13,121,1,1,1933,"1_121_13",1,NA,NA,NA,NA,NA,NA,NA,NA,NA
"14","holiday",0.0161715176312952,-178073.034617635,-1.62181571334191e-05,-11129.5646636022,-7.91832813462588e-05,-178073.034617635,-1.62181571334191e-05,-11129.5646636022,-7.91832813462588e-05,FALSE,-0.0590812037119175,0.254940055321877,0.0504554610069362,126.356000720067,12885219004.5099,0.802495881510059,16056034913.1787,1e-04,13,121,1,1,1933,"1_121_13",1,NA,NA,NA,NA,NA,NA,NA,NA,NA
"15","cag_V",-0.0699530782020036,-101413341.883488,-0.00923630867314191,0,0,-101413341.883488,-0.00923630867314191,0,0,FALSE,-0.0590812037119175,0.254940055321877,0.0504554610069362,126.356000720067,12885219004.5099,0.802495881510059,16056034913.1787,1e-04,13,121,1,1,1933,"1_121_13",1,NA,NA,NA,NA,NA,NA,NA,NA,NA
"16","Influencer_S",8528899.2777289,80667200.4614302,0.00734683572617082,1021103.80330924,0.00726482591054027,80667200.4614302,0.00734683572617082,1021103.80330924,0.00726482591054027,TRUE,-0.0590812037119175,0.254940055321877,0.0504554610069362,126.356000720067,12885219004.5099,0.802495881510059,16056034913.1787,1e-04,13,121,1,1,1933,"1_121_13",1,380139708.92,4936879.33662338,0.690898160345059,0.683508118164732,0.0794962538445791,0.212204088572095,4.7124445467989,392463.412944269,0.197181641182397
"17","Social_Media_S",202283.79281423,1375120.42927671,0.000125240293946087,17406.5877123634,0.000123842286178002,1375120.42927671,0.000125240293946087,17406.5877123634,0.000123842286178002,TRUE,-0.0590812037119175,0.254940055321877,0.0504554610069362,126.356000720067,12885219004.5099,0.802495881510059,16056034913.1787,1e-04,13,121,1,1,1933,"1_121_13",1,23689500,364453.846153846,0.0430553072605701,0.0116516498835757,0.0177098277022008,0.0580476763661836,17.2272184280327,6454.41482078902,0.0463057928336639
"18","Radio_S",6597751.24752904,35977053.448295,0.0032766415604403,749521.946839479,0.00533260814646967,35977053.448295,0.0032766415604403,749521.946839479,0.00533260814646967,TRUE,-0.0590812037119175,0.254940055321877,0.0504554610069362,126.356000720067,12885219004.5099,0.802495881510059,16056034913.1787,1e-04,13,121,1,1,1933,"1_121_13",1,146381706,13307427.8181818,0.26604653239437,0.304840231951693,0.252734145482331,0.245775612481897,4.06875193963216,3363241.39819598,0.146550146397203
"19","beef",43952855.0047921,1608483352.7088,0.146494025986216,20360548.7684658,0.144858771230306,1608483352.7088,0.146494025986216,20360548.7684658,0.144858771230306,TRUE,-0.0590812037119175,0.254940055321877,0.0504554610069362,126.356000720067,12885219004.5099,0.802495881510059,16056034913.1787,1e-04,13,121,1,1,1933,"1_121_13",1,NA,NA,NA,NA,NA,NA,NA,NA,NA
"20","chicken",82936918.2744368,3231990700.24823,0.294356375421616,40911274.6866864,0.291070591857406,3231990700.24823,0.294356375421616,40911274.6866864,0.291070591857406,TRUE,-0.0590812037119175,0.254940055321877,0.0504554610069362,126.356000720067,12885219004.5099,0.802495881510059,16056034913.1787,1e-04,13,121,1,1,1933,"1_121_13",1,NA,NA,NA,NA,NA,NA,NA,NA,NA
"21","(Intercept)",97328517.2643565,7688952863.88416,0.700278096600579,97328517.2643565,0.692502047883081,7688952863.88416,0.700278096600579,97328517.2643565,0.692502047883081,TRUE,-0.0595120929207305,0.254991911471979,0.0487727690520212,126.285296207605,12964248221.2379,0.807418461765236,16056034913.1787,1e-04,14,93,1,1,1486,"1_93_14",1,NA,NA,NA,NA,NA,NA,NA,NA,NA
"22","trend",0.0151262094159882,214200965.647901,0.0195085400013941,2711404.62845445,0.0192919126954788,214200965.647901,0.0195085400013941,2711404.62845445,0.0192919126954788,TRUE,-0.0595120929207305,0.254991911471979,0.0487727690520212,126.285296207605,12964248221.2379,0.807418461765236,16056034913.1787,1e-04,14,93,1,1,1486,"1_93_14",1,NA,NA,NA,NA,NA,NA,NA,NA,NA
"23","season",0.0131960459444037,-47269468.3608035,-0.00430510810991018,-598347.700769665,-0.00425730320131848,-47269468.3608035,-0.00430510810991018,-598347.700769665,-0.00425730320131848,FALSE,-0.0595120929207305,0.254991911471979,0.0487727690520212,126.285296207605,12964248221.2379,0.807418461765236,16056034913.1787,1e-04,14,93,1,1,1486,"1_93_14",1,NA,NA,NA,NA,NA,NA,NA,NA,NA
"24","holiday",0.0160760302995178,-177021.57368955,-1.61223944111858e-05,-11063.8483555969,-7.8720377737888e-05,-177021.57368955,-1.61223944111858e-05,-11063.8483555969,-7.8720377737888e-05,FALSE,-0.0595120929207305,0.254991911471979,0.0487727690520212,126.285296207605,12964248221.2379,0.807418461765236,16056034913.1787,1e-04,14,93,1,1,1486,"1_93_14",1,NA,NA,NA,NA,NA,NA,NA,NA,NA
"25","cag_V",-0.069540448427284,-100815138.55219,-0.00918182678235172,0,0,-100815138.55219,-0.00918182678235172,0,0,FALSE,-0.0595120929207305,0.254991911471979,0.0487727690520212,126.285296207605,12964248221.2379,0.807418461765236,16056034913.1787,1e-04,14,93,1,1,1486,"1_93_14",1,NA,NA,NA,NA,NA,NA,NA,NA,NA
"26","Influencer_S",8173350.63313733,78669795.001124,0.00716492027960165,995820.189887646,0.00708535936027313,78669795.001124,0.00716492027960165,995820.189887646,0.00708535936027313,TRUE,-0.0595120929207305,0.254991911471979,0.0487727690520212,126.285296207605,12964248221.2379,0.807418461765236,16056034913.1787,1e-04,14,93,1,1,1486,"1_93_14",1,380139708.92,4936879.33662338,0.690898160345059,0.670600341731311,0.0661851771608591,0.206949690219498,4.83209227778678,326748.233516202,0.174998084199615
"27","Social_Media_S",357373.016416851,2760696.35686963,0.000251432831531784,34945.5235046788,0.000248640863659791,2760696.35686963,0.000251432831531784,34945.5235046788,0.000248640863659791,TRUE,-0.0595120929207305,0.254991911471979,0.0487727690520212,126.285296207605,12964248221.2379,0.807418461765236,16056034913.1787,1e-04,14,93,1,1,1486,"1_93_14",1,23689500,364453.846153846,0.0430553072605701,0.0235328428186028,0.0382289520538642,0.116536708536256,8.5809871632756,13932.6886104618,0.092830459578181
"28","Radio_S",4614642.19246912,35881997.3264284,0.00326798424113176,747541.610967259,0.0053188326610029,35881997.3264284,0.00326798424113176,747541.610967259,0.0053188326610029,TRUE,-0.0595120929207305,0.254991911471979,0.0487727690520212,126.285296207605,12964248221.2379,0.807418461765236,16056034913.1787,1e-04,14,93,1,1,1486,"1_93_14",1,146381706,13307427.8181818,0.26604653239437,0.305866815450086,0.25428574596887,0.245126240887153,4.07953059770685,3383889.20967325,0.106953211128712
"29","beef",52158906.2049659,1973533183.66151,0.179741258126847,24981432.7045761,0.177745369941105,1973533183.66151,0.179741258126847,24981432.7045761,0.177745369941105,TRUE,-0.0595120929207305,0.254991911471979,0.0487727690520212,126.285296207605,12964248221.2379,0.807418461765236,16056034913.1787,1e-04,14,93,1,1,1486,"1_93_14",1,NA,NA,NA,NA,NA,NA,NA,NA,NA
"30","chicken",31059629.0267572,1134118416.85869,0.103290825205588,14355929.3273252,0.102143860174455,1134118416.85869,0.103290825205588,14355929.3273252,0.102143860174455,TRUE,-0.0595120929207305,0.254991911471979,0.0487727690520212,126.285296207605,12964248221.2379,0.807418461765236,16056034913.1787,1e-04,14,93,1,1,1486,"1_93_14",1,NA,NA,NA,NA,NA,NA,NA,NA,NA
"31","(Intercept)",97190084.6639983,7678016688.45587,0.699282074873226,97190084.6639983,0.691702130026912,7678016688.45587,0.699282074873226,97190084.6639983,0.691702130026912,TRUE,-0.0607162228616211,0.255136768811775,0.0327160220602061,126.847435110871,13279906261.151,0.827080203321046,16056034913.1787,1e-04,1,14,1,1,209,"1_14_1",1,NA,NA,NA,NA,NA,NA,NA,NA,NA
"32","trend",0.0148092095653985,209711957.712128,0.0190996996835332,2654581.74319149,0.018892666391269,209711957.712128,0.0190996996835332,2654581.74319149,0.018892666391269,TRUE,-0.0607162228616211,0.255136768811775,0.0327160220602061,126.847435110871,13279906261.151,0.827080203321046,16056034913.1787,1e-04,1,14,1,1,209,"1_14_1",1,NA,NA,NA,NA,NA,NA,NA,NA,NA
"33","season",0.0128898993902417,-46172822.8264744,-0.00420523016020486,-584466.111727524,-0.00415964710606153,-46172822.8264744,-0.00420523016020486,-584466.111727524,-0.00415964710606153,FALSE,-0.0607162228616211,0.255136768811775,0.0327160220602061,126.847435110871,13279906261.151,0.827080203321046,16056034913.1787,1e-04,1,14,1,1,209,"1_14_1",1,NA,NA,NA,NA,NA,NA,NA,NA,NA
"34","holiday",0.0157209986424132,-173112.134513378,-1.57663388242248e-05,-10819.5084070861,-7.70024744488959e-05,-173112.134513378,-1.57663388242248e-05,-10819.5084070861,-7.70024744488959e-05,FALSE,-0.0607162228616211,0.255136768811775,0.0327160220602061,126.847435110871,13279906261.151,0.827080203321046,16056034913.1787,1e-04,1,14,1,1,209,"1_14_1",1,NA,NA,NA,NA,NA,NA,NA,NA,NA
"35","cag_V",-0.0679641263234069,-98529891.1185127,-0.00897369587669433,0,0,-98529891.1185127,-0.00897369587669433,0,0,FALSE,-0.0607162228616211,0.255136768811775,0.0327160220602061,126.847435110871,13279906261.151,0.827080203321046,16056034913.1787,1e-04,1,14,1,1,209,"1_14_1",1,NA,NA,NA,NA,NA,NA,NA,NA,NA
"36","Influencer_S",6328656.03514713,82614012.4849591,0.00752414333130384,1045746.99348049,0.00744258455335663,82614012.4849591,0.00752414333130384,1045746.99348049,0.00744258455335663,TRUE,-0.0607162228616211,0.255136768811775,0.0327160220602061,126.847435110871,13279906261.151,0.827080203321046,16056034913.1787,1e-04,1,14,1,1,209,"1_14_1",1,380139708.92,4936879.33662338,0.690898160345059,0.688837449013289,0.106819212577471,0.217325395233427,4.6013950598176,527353.563328096,0.284794075298123
"37","Social_Media_S",374562.222852897,2521087.30864897,0.000229610228221991,31912.497577835,0.000227121342937197,2521087.30864897,0.000229610228221991,31912.497577835,0.000227121342937197,TRUE,-0.0607162228616211,0.255136768811775,0.0327160220602061,126.847435110871,13279906261.151,0.827080203321046,16056034913.1787,1e-04,1,14,1,1,209,"1_14_1",1,23689500,364453.846153846,0.0430553072605701,0.0210208813032257,0.0380668952817471,0.106422140975916,9.39654089675103,13873.6263965684,0.089097426394801
"38","Radio_S",5114191.90521006,34797422.1726379,0.00316920561187469,724946.29526329,0.0051594450022584,34797422.1726379,0.00316920561187469,724946.29526329,0.0051594450022584,TRUE,-0.0607162228616211,0.255136768811775,0.0327160220602061,126.847435110871,13279906261.151,0.827080203321046,16056034913.1787,1e-04,1,14,1,1,209,"1_14_1",1,146381706,13307427.8181818,0.26604653239437,0.290141669683486,0.237238749171561,0.23771701480674,4.206682474172,3157037.53027628,0.176056319382042
"39","beef",38121148.3607672,1366192476.78871,0.124427172876741,17293575.6555533,0.12307843087165,1366192476.78871,0.124427172876741,17293575.6555533,0.12307843087165,TRUE,-0.0607162228616211,0.255136768811775,0.0327160220602061,126.847435110871,13279906261.151,0.827080203321046,16056034913.1787,1e-04,1,14,1,1,209,"1_14_1",1,NA,NA,NA,NA,NA,NA,NA,NA,NA
"40","chicken",46075726.6294239,1750878471.40655,0.159462785770822,22163018.6253994,0.157734271392127,1750878471.40655,0.159462785770822,22163018.6253994,0.157734271392127,TRUE,-0.0607162228616211,0.255136768811775,0.0327160220602061,126.847435110871,13279906261.151,0.827080203321046,16056034913.1787,1e-04,1,14,1,1,209,"1_14_1",1,NA,NA,NA,NA,NA,NA,NA,NA,NA
"41","(Intercept)",94615115.2839399,7474594107.43125,0.680755185663825,94615115.2839399,0.673381971583668,7474594107.43125,0.680755185663825,94615115.2839399,0.673381971583668,TRUE,-0.0611455414807722,0.255188396137612,0.0320219005945892,126.509324686693,13290269839.9455,0.827725731019017,16056034913.1787,1e-04,5,113,1,3,1797,"3_113_5",1,NA,NA,NA,NA,NA,NA,NA,NA,NA
"42","trend",0.0147809713826178,209312079.206322,0.0190632803994155,2649519.98995345,0.0188568072789532,209312079.206322,0.0190632803994155,2649519.98995345,0.0188568072789532,TRUE,-0.0611455414807722,0.255188396137612,0.0320219005945892,126.509324686693,13290269839.9455,0.827725731019017,16056034913.1787,1e-04,5,113,1,3,1797,"3_113_5",1,NA,NA,NA,NA,NA,NA,NA,NA,NA
"43","season",0.012883143814754,-46148623.7244769,-0.00420302620585812,-584159.79398072,-0.00415750350892841,-46148623.7244769,-0.00420302620585812,-584159.79398072,-0.00415750350892841,FALSE,-0.0611455414807722,0.255188396137612,0.0320219005945892,126.509324686693,13290269839.9455,0.827725731019017,16056034913.1787,1e-04,5,113,1,3,1797,"3_113_5",1,NA,NA,NA,NA,NA,NA,NA,NA,NA
"44","holiday",0.0157010895480357,-172892.905067316,-1.57463723109785e-05,-10805.8065667073,-7.69056329805708e-05,-172892.905067316,-1.57463723109785e-05,-10805.8065667073,-7.69056329805708e-05,FALSE,-0.0611455414807722,0.255188396137612,0.0320219005945892,126.509324686693,13290269839.9455,0.827725731019017,16056034913.1787,1e-04,5,113,1,3,1797,"3_113_5",1,NA,NA,NA,NA,NA,NA,NA,NA,NA
"45","cag_V",-0.0679338102271467,-98485940.8490803,-0.00896969306752537,0,0,-98485940.8490803,-0.00896969306752537,0,0,FALSE,-0.0611455414807722,0.255188396137612,0.0320219005945892,126.509324686693,13290269839.9455,0.827725731019017,16056034913.1787,1e-04,5,113,1,3,1797,"3_113_5",1,NA,NA,NA,NA,NA,NA,NA,NA,NA
"46","Influencer_S",8339597.90632721,80259587.9341809,0.00730971205929631,1015944.15106558,0.00723054105478176,80259587.9341809,0.00730971205929631,1015944.15106558,0.00723054105478176,TRUE,-0.0611455414807722,0.255188396137612,0.0320219005945892,126.509324686693,13290269839.9455,0.827725731019017,16056034913.1787,1e-04,5,113,1,3,1797,"3_113_5",1,380139708.92,4936879.33662338,0.690898160345059,0.675091164994742,0.0913227713737582,0.211131818252303,4.73637753076609,450849.502958288,0.213355768530164
"47","Social_Media_S",433102.434373815,3914068.55351588,0.000356477211545249,49545.1715634921,0.000352616230607061,3914068.55351588,0.000356477211545249,49545.1715634921,0.000352616230607061,TRUE,-0.0611455414807722,0.255188396137612,0.0320219005945892,126.509324686693,13290269839.9455,0.827725731019017,16056034913.1787,1e-04,5,113,1,3,1797,"3_113_5",1,23689500,364453.846153846,0.0430553072605701,0.0329225849231777,0.0624276700474218,0.165223772283749,6.0523978249488,22752.0044552061,0.146024147747084
"48","Radio_S",5104386.687732,34713379.9539756,0.00316155139341857,723195.415707824,0.00514702913385624,34713379.9539756,0.00316155139341857,723195.415707824,0.00514702913385624,TRUE,-0.0611455414807722,0.255188396137612,0.0320219005945892,126.509324686693,13290269839.9455,0.827725731019017,16056034913.1787,1e-04,5,113,1,3,1797,"3_113_5",1,146381706,13307427.8181818,0.26604653239437,0.29198625008208,0.240333450139585,0.237142884193299,4.21686698886939,3198220.04002713,0.180475666653365
"49","beef",44063838.0219505,1658804450.05351,0.151077063870728,20997524.6842217,0.149440758253116,1658804450.05351,0.151077063870728,20997524.6842217,0.149440758253116,TRUE,-0.0611455414807722,0.255188396137612,0.0320219005945892,126.509324686693,13290269839.9455,0.827725731019017,16056034913.1787,1e-04,5,113,1,3,1797,"3_113_5",1,NA,NA,NA,NA,NA,NA,NA,NA,NA
"50","chicken",42527378.610808,1663066074.59587,0.151465195047466,21051469.2986818,0.149824685606927,1663066074.59587,0.151465195047466,21051469.2986818,0.149824685606927,TRUE,-0.0611455414807722,0.255188396137612,0.0320219005945892,126.509324686693,13290269839.9455,0.827725731019017,16056034913.1787,1e-04,5,113,1,3,1797,"3_113_5",1,NA,NA,NA,NA,NA,NA,NA,NA,NA
"51","(Intercept)",88607805.8221867,7000016659.95275,0.637532630201061,88607805.8221867,0.630688743575482,7000016659.95275,0.637532630201061,88607805.8221867,0.630688743575482,TRUE,-0.0614397983310186,0.255223775699488,0.0293927246074171,126.618073219169,13421607859.3789,0.835906527539399,16056034913.1787,1e-04,14,89,1,3,1422,"3_89_14",1,NA,NA,NA,NA,NA,NA,NA,NA,NA
"52","trend",0.0146632005769634,207644336.839246,0.0189113893069468,2628409.32707907,0.0187083763187204,207644336.839246,0.0189113893069468,2628409.32707907,0.0187083763187204,TRUE,-0.0614397983310186,0.255223775699488,0.0293927246074171,126.618073219169,13421607859.3789,0.835906527539399,16056034913.1787,1e-04,14,89,1,3,1422,"3_89_14",1,NA,NA,NA,NA,NA,NA,NA,NA,NA
"53","season",0.0127590559888982,-45704129.5492545,-0.00416254351068687,-578533.285433601,-0.00411785877689968,-45704129.5492545,-0.00416254351068687,-578533.285433601,-0.00411785877689968,FALSE,-0.0614397983310186,0.255223775699488,0.0293927246074171,126.618073219169,13421607859.3789,0.835906527539399,16056034913.1787,1e-04,14,89,1,3,1422,"3_89_14",1,NA,NA,NA,NA,NA,NA,NA,NA,NA
"54","holiday",0.0155570264284731,-171306.550745979,-1.56018937058491e-05,-10706.6594216237,-7.62073895844473e-05,-171306.550745979,-1.56018937058491e-05,-10706.6594216237,-7.62073895844473e-05,FALSE,-0.0614397983310186,0.255223775699488,0.0293927246074171,126.618073219169,13421607859.3789,0.835906527539399,16056034913.1787,1e-04,14,89,1,3,1422,"3_89_14",1,NA,NA,NA,NA,NA,NA,NA,NA,NA
"55","cag_V",-0.0673104128479709,-97582180.5976576,-0.00888738231340146,0,0,-97582180.5976576,-0.00888738231340146,0,0,FALSE,-0.0614397983310186,0.255223775699488,0.0293927246074171,126.618073219169,13421607859.3789,0.835906527539399,16056034913.1787,1e-04,14,89,1,3,1422,"3_89_14",1,NA,NA,NA,NA,NA,NA,NA,NA,NA
"56","Influencer_S",9563174.32257678,83330617.2768557,0.0075894087385144,1054817.94021336,0.00750793674711971,83330617.2768557,0.0075894087385144,1054817.94021336,0.00750793674711971,TRUE,-0.0614397983310186,0.255223775699488,0.0293927246074171,126.618073219169,13421607859.3789,0.835906527539399,16056034913.1787,1e-04,14,89,1,3,1422,"3_89_14",1,380139708.92,4936879.33662338,0.690898160345059,0.692307290987808,0.122435673790368,0.219210504247512,4.56182518913826,604450.148001229,0.244283073581755
"57","Social_Media_S",308730.998448545,2600254.37738238,0.000236820438141014,32914.6123719288,0.000234278180454932,2600254.37738238,0.000236820438141014,32914.6123719288,0.000234278180454932,TRUE,-0.0614397983310186,0.255223775699488,0.0293927246074171,126.618073219169,13421607859.3789,0.835906527539399,16056034913.1787,1e-04,14,89,1,3,1422,"3_89_14",1,23689500,364453.846153846,0.0430553072605701,0.0216028048598743,0.0401673374163463,0.109764004195208,9.11045481013582,14639.1406111467,0.101175834362948
"58","Radio_S",6520044.31120034,34435645.2980197,0.0031362564670904,717409.277042078,0.00510634420262069,34435645.2980197,0.0031362564670904,717409.277042078,0.00510634420262069,TRUE,-0.0614397983310186,0.255223775699488,0.0293927246074171,126.618073219169,13421607859.3789,0.835906527539399,16056034913.1787,1e-04,14,89,1,3,1422,"3_89_14",1,146381706,13307427.8181818,0.26604653239437,0.286089904152318,0.229084231727152,0.235245552460085,4.25087738978476,3048521.87799271,0.22472336422652
"59","beef",50990743.875351,1784331676.29707,0.162509565619865,22586476.9151528,0.160765032101128,1784331676.29707,0.162509565619865,22586476.9151528,0.160765032101128,TRUE,-0.0614397983310186,0.255223775699488,0.0293927246074171,126.618073219169,13421607859.3789,0.835906527539399,16056034913.1787,1e-04,14,89,1,3,1422,"3_89_14",1,NA,NA,NA,NA,NA,NA,NA,NA,NA
"60","chicken",49958873.7922015,2010954716.90633,0.183149456946175,25455122.9988143,0.181183355040959,2010954716.90633,0.183149456946175,25455122.9988143,0.181183355040959,TRUE,-0.0614397983310186,0.255223775699488,0.0293927246074171,126.618073219169,13421607859.3789,0.835906527539399,16056034913.1787,1e-04,14,89,1,3,1422,"3_89_14",1,NA,NA,NA,NA,NA,NA,NA,NA,NA
"61","(Intercept)",99430438.0575849,7855004606.54921,0.715401404071597,99430438.0575849,0.707786441316689,7855004606.54921,0.715401404071597,99430438.0575849,0.707786441316689,TRUE,-0.0621143335830441,0.255304859003367,0.0213585478575848,126.756072927957,13539922791.6271,0.843276140620374,16056034913.1787,1e-04,6,70,1,3,1110,"3_70_6",1,NA,NA,NA,NA,NA,NA,NA,NA,NA
"62","trend",0.0145366987921052,205852955.817893,0.01874823771607,2605733.61794801,0.0185486754407997,205852955.817893,0.01874823771607,2605733.61794801,0.0185486754407997,TRUE,-0.0621143335830441,0.255304859003367,0.0213585478575848,126.756072927957,13539922791.6271,0.843276140620374,16056034913.1787,1e-04,6,70,1,3,1110,"3_70_6",1,NA,NA,NA,NA,NA,NA,NA,NA,NA
"63","season",0.0126520401061104,-45320788.6676866,-0.00412763040513845,-573680.869211223,-0.00408369457887048,-45320788.6676866,-0.00412763040513845,-573680.869211223,-0.00408369457887048,FALSE,-0.0621143335830441,0.255304859003367,0.0213585478575848,126.756072927957,13539922791.6271,0.843276140620374,16056034913.1787,1e-04,6,70,1,3,1110,"3_70_6",1,NA,NA,NA,NA,NA,NA,NA,NA,NA
"64","holiday",0.0154238827992119,-169840.436640728,-1.54683660834018e-05,-10615.0272900455,-7.55620968475431e-05,-169840.436640728,-1.54683660834018e-05,-10615.0272900455,-7.55620968475431e-05,FALSE,-0.0621143335830441,0.255304859003367,0.0213585478575848,126.756072927957,13539922791.6271,0.843276140620374,16056034913.1787,1e-04,6,70,1,3,1110,"3_70_6",1,NA,NA,NA,NA,NA,NA,NA,NA,NA
"65","cag_V",-0.0667596566648533,-96783730.7434331,-0.00881466279566665,0,0,-96783730.7434331,-0.00881466279566665,0,0,FALSE,-0.0621143335830441,0.255304859003367,0.0213585478575848,126.756072927957,13539922791.6271,0.843276140620374,16056034913.1787,1e-04,6,70,1,3,1110,"3_70_6",1,NA,NA,NA,NA,NA,NA,NA,NA,NA
"66","Influencer_S",10961966.4264114,82819482.705685,0.00754285671108718,1048347.88235044,0.00746256811702847,82819482.705685,0.00754285671108718,1048347.88235044,0.00746256811702847,TRUE,-0.0621143335830441,0.255304859003367,0.0213585478575848,126.756072927957,13539922791.6271,0.843276140620374,16056034913.1787,1e-04,6,70,1,3,1110,"3_70_6",1,380139708.92,4936879.33662338,0.690898160345059,0.686924251469408,0.124210002103869,0.217865907618492,4.58997927179646,613209.792788536,0.236218238365836
"67","Social_Media_S",502451.94842035,3657579.83660357,0.000333117277668877,46298.478944349,0.000329571470171117,3657579.83660357,0.000333117277668877,46298.478944349,0.000329571470171117,TRUE,-0.0621143335830441,0.255304859003367,0.0213585478575848,126.756072927957,13539922791.6271,0.843276140620374,16056034913.1787,1e-04,6,70,1,3,1110,"3_70_6",1,23689500,364453.846153846,0.0430553072605701,0.0303368266664632,0.0734435071905418,0.154396666734358,6.47682376278574,26766.7686706206,0.157838188002643
"68","Radio_S",5031557.09718688,34088607.5858585,0.00310464970439812,710179.324705385,0.00505534629786909,34088607.5858585,0.00310464970439812,710179.324705385,0.00505534629786909,TRUE,-0.0621143335830441,0.255304859003367,0.0213585478575848,126.756072927957,13539922791.6271,0.843276140620374,16056034913.1787,1e-04,6,70,1,3,1110,"3_70_6",1,146381706,13307427.8181818,0.26604653239437,0.282738921864128,0.228114601699023,0.23287478003473,4.29415327778674,3035618.59638305,0.252135084010661
"69","beef",43305855.6040168,1505946014.4845,0.137155348364783,19062607.7782848,0.135695422701386,1505946014.4845,0.137155348364783,19062607.7782848,0.135695422701386,TRUE,-0.0621143335830441,0.255304859003367,0.0213585478575848,126.756072927957,13539922791.6271,0.843276140620374,16056034913.1787,1e-04,6,70,1,3,1110,"3_70_6",1,NA,NA,NA,NA,NA,NA,NA,NA,NA
"70","chicken",37344631.9684668,1434761403.11802,0.130672147721284,18161536.7483293,0.129281231331774,1434761403.11802,0.130672147721284,18161536.7483293,0.129281231331774,TRUE,-0.0621143335830441,0.255304859003367,0.0213585478575848,126.756072927957,13539922791.6271,0.843276140620374,16056034913.1787,1e-04,6,70,1,3,1110,"3_70_6",1,NA,NA,NA,NA,NA,NA,NA,NA,NA
"71","(Intercept)",70197030.0251411,5545565371.98615,0.505067209022631,70197030.0251411,0.499847733903378,5545565371.98615,0.505067209022631,70197030.0251411,0.499847733903378,TRUE,-0.0640583076580739,0.255538392778128,0.0130034860592369,126.105980058095,13981589465.3879,0.870786721360501,16056034913.1787,1e-04,2,108,1,3,1714,"3_108_2",1,NA,NA,NA,NA,NA,NA,NA,NA,NA
"72","trend",0.0141118569854509,199836807.110025,0.0182003117187861,2529579.83683575,0.0180122257126431,199836807.110025,0.0182003117187861,2529579.83683575,0.0180122257126431,TRUE,-0.0640583076580739,0.255538392778128,0.0130034860592369,126.105980058095,13981589465.3879,0.870786721360501,16056034913.1787,1e-04,2,108,1,3,1714,"3_108_2",1,NA,NA,NA,NA,NA,NA,NA,NA,NA
"73","season",0.0122638572316839,-43930281.3764708,-0.0040009887393044,-556079.511094567,-0.0039596416456817,-43930281.3764708,-0.0040009887393044,-556079.511094567,-0.0039596416456817,FALSE,-0.0640583076580739,0.255538392778128,0.0130034860592369,126.105980058095,13981589465.3879,0.870786721360501,16056034913.1787,1e-04,2,108,1,3,1714,"3_108_2",1,NA,NA,NA,NA,NA,NA,NA,NA,NA
"74","holiday",0.0149746393242851,-164893.581887432,-1.50178269668116e-05,-10305.8488679645,-7.33842329334701e-05,-164893.581887432,-1.50178269668116e-05,-10305.8488679645,-7.33842329334701e-05,FALSE,-0.0640583076580739,0.255538392778128,0.0130034860592369,126.105980058095,13981589465.3879,0.870786721360501,16056034913.1787,1e-04,2,108,1,3,1714,"3_108_2",1,NA,NA,NA,NA,NA,NA,NA,NA,NA
"75","cag_V",-0.0647477158800041,-93866952.1840387,-0.00854901464123821,0,0,-93866952.1840387,-0.00854901464123821,0,0,FALSE,-0.0640583076580739,0.255538392778128,0.0130034860592369,126.105980058095,13981589465.3879,0.870786721360501,16056034913.1787,1e-04,2,108,1,3,1714,"3_108_2",1,NA,NA,NA,NA,NA,NA,NA,NA,NA
"76","Influencer_S",7447539.70102912,83779301.1064564,0.00763027301011686,1060497.48236021,0.00755142009823117,83779301.1064564,0.00763027301011686,1060497.48236021,0.00755142009823117,TRUE,-0.0640583076580739,0.255538392778128,0.0130034860592369,126.105980058095,13981589465.3879,0.870786721360501,16056034913.1787,1e-04,2,108,1,3,1714,"3_108_2",1,380139708.92,4936879.33662338,0.690898160345059,0.692492180618807,0.130783421300467,0.220390817219486,4.53739412837743,645661.970191183,0.262438990292139
"77","Social_Media_S",418305.794797182,4012700.22726272,0.000365460177363701,50793.6737628192,0.000361683431875672,4012700.22726272,0.000365460177363701,50793.6737628192,0.000361683431875672,TRUE,-0.0640583076580739,0.255538392778128,0.0130034860592369,126.105980058095,13981589465.3879,0.870786721360501,16056034913.1787,1e-04,2,108,1,3,1714,"3_108_2",1,23689500,364453.846153846,0.0430553072605701,0.033167661866931,0.0782635837201213,0.169387290878352,5.90363063730776,28523.4641005817,0.182481168292725
"78","Radio_S",6605952.77923456,33190304.9669697,0.0030228360089232,691464.686811868,0.00492367065463218,33190304.9669697,0.0030228360089232,691464.686811868,0.00492367065463218,TRUE,-0.0640583076580739,0.255538392778128,0.0130034860592369,126.105980058095,13981589465.3879,0.870786721360501,16056034913.1787,1e-04,2,108,1,3,1714,"3_108_2",1,146381706,13307427.8181818,0.26604653239437,0.274340157514262,0.202570348437284,0.22673806634669,4.4103754438435,2695690.28993309,0.262214220594615
"79","beef",99708037.3006565,3825411831.04096,0.348402723124699,48422934.5701387,0.344802253103396,3825411831.04096,0.348402723124699,48422934.5701387,0.344802253103396,TRUE,-0.0640583076580739,0.255538392778128,0.0130034860592369,126.105980058095,13981589465.3879,0.870786721360501,16056034913.1787,1e-04,2,108,1,3,1714,"3_108_2",1,NA,NA,NA,NA,NA,NA,NA,NA,NA
"80","chicken",37434262.862896,1426022100.95458,0.12987620814499,18050912.6703112,0.12853403897446,1426022100.95458,0.12987620814499,18050912.6703112,0.12853403897446,TRUE,-0.0640583076580739,0.255538392778128,0.0130034860592369,126.105980058095,13981589465.3879,0.870786721360501,16056034913.1787,1e-04,2,108,1,3,1714,"3_108_2",1,NA,NA,NA,NA,NA,NA,NA,NA,NA
"81","(Intercept)",46664674.5449922,3686509289.05439,0.335752052814022,46664674.5449922,0.331956091667616,3686509289.05439,0.335752052814022,46664674.5449922,0.331956091667616,TRUE,-0.0582322077708668,0.254837850474001,0.0551746502998404,126.662288730136,12695325003.659,0.790667743792556,16056034913.1787,1e-04,11,36,1,4,571,"4_36_11",1,NA,NA,NA,NA,NA,NA,NA,NA,NA
"82","trend",0.0154422293323909,218676096.818958,0.0199161164807904,2768051.85846783,0.0196909479264517,218676096.818958,0.0199161164807904,2768051.85846783,0.0196909479264517,TRUE,-0.0582322077708668,0.254837850474001,0.0551746502998404,126.662288730136,12695325003.659,0.790667743792556,16056034913.1787,1e-04,11,36,1,4,571,"4_36_11",1,NA,NA,NA,NA,NA,NA,NA,NA,NA
"83","season",0.0134671899924833,-48240731.6510283,-0.00439356676224129,-610642.172797827,-0.00434389377116401,-48240731.6510283,-0.00439356676224129,-610642.172797827,-0.00434389377116401,FALSE,-0.0582322077708668,0.254837850474001,0.0551746502998404,126.662288730136,12695325003.659,0.790667743792556,16056034913.1787,1e-04,11,36,1,4,571,"4_36_11",1,NA,NA,NA,NA,NA,NA,NA,NA,NA
"84","holiday",0.0164022455574792,-180613.700430416,-1.64495504910022e-05,-11288.356276901,-8.03013985968918e-05,-180613.700430416,-1.64495504910022e-05,-11288.356276901,-8.03013985968918e-05,FALSE,-0.0582322077708668,0.254837850474001,0.0551746502998404,126.662288730136,12695325003.659,0.790667743792556,16056034913.1787,1e-04,11,36,1,4,571,"4_36_11",1,NA,NA,NA,NA,NA,NA,NA,NA,NA
"85","cag_V",-0.0709516901208259,-102861063.335287,-0.00936816116861447,0,0,-102861063.335287,-0.00936816116861447,0,0,FALSE,-0.0582322077708668,0.254837850474001,0.0551746502998404,126.662288730136,12695325003.659,0.790667743792556,16056034913.1787,1e-04,11,36,1,4,571,"4_36_11",1,NA,NA,NA,NA,NA,NA,NA,NA,NA
"86","Influencer_S",9516954.79801771,81542752.2268431,0.00742657736779781,1032186.73704865,0.00734261362460499,81542752.2268431,0.00742657736779781,1032186.73704865,0.00734261362460499,TRUE,-0.0582322077708668,0.254837850474001,0.0551746502998404,126.662288730136,12695325003.659,0.790667743792556,16056034913.1787,1e-04,11,36,1,4,571,"4_36_11",1,380139708.92,4936879.33662338,0.690898160345059,0.688721489868229,0.0805678685353251,0.214507325368641,4.66184545577383,397753.845367835,0.193071755871642
"87","Social_Media_S",96723.8290593383,612686.945200671,5.58009985745196e-05,7755.53095190722,5.5170121054206e-05,612686.945200671,5.58009985745196e-05,7755.53095190722,5.5170121054206e-05,TRUE,-0.0582322077708668,0.254837850474001,0.0551746502998404,126.662288730136,12695325003.659,0.790667743792556,16056034913.1787,1e-04,11,36,1,4,571,"4_36_11",1,23689500,364453.846153846,0.0430553072605701,0.00517483962949329,0.00600481288095273,0.0258632282319454,38.6649335122378,2188.47714989738,0.0166414141840505
"88","Radio_S",4424900.67077812,36241842.4961155,0.00330075745420256,755038.38533574,0.00537107767061405,36241842.4961155,0.00330075745420256,755038.38533574,0.00537107767061405,TRUE,-0.0582322077708668,0.254837850474001,0.0551746502998404,126.662288730136,12695325003.659,0.790667743792556,16056034913.1787,1e-04,11,36,1,4,571,"4_36_11",1,146381706,13307427.8181818,0.26604653239437,0.306103670502277,0.261949716238621,0.247584506878992,4.03902494790902,3485876.94083866,0.105363054201007
"89","beef",148905882.440933,5749999109.14638,0.523686190160095,72784798.8499542,0.517765474518609,5749999109.14638,0.523686190160095,72784798.8499542,0.517765474518609,TRUE,-0.0582322077708668,0.254837850474001,0.0551746502998404,126.662288730136,12695325003.659,0.790667743792556,16056034913.1787,1e-04,11,36,1,4,571,"4_36_11",1,NA,NA,NA,NA,NA,NA,NA,NA,NA
"90","chicken",34237746.7746733,1357556922.24886,0.123640682205864,17184264.8385932,0.122242819640811,1357556922.24886,0.123640682205864,17184264.8385932,0.122242819640811,TRUE,-0.0582322077708668,0.254837850474001,0.0551746502998404,126.662288730136,12695325003.659,0.790667743792556,16056034913.1787,1e-04,11,36,1,4,571,"4_36_11",1,NA,NA,NA,NA,NA,NA,NA,NA,NA
"91","(Intercept)",46664602.3844201,3686503588.36919,0.335751533619139,46664602.3844201,0.331955752762296,3686503588.36919,0.335751533619139,46664602.3844201,0.331955752762296,TRUE,-0.0582346497954127,0.254838144511511,0.0551330041934529,126.647008896246,12695325003.659,0.790667743792556,16056034913.1787,1e-04,5,42,1,4,661,"4_42_5",1,NA,NA,NA,NA,NA,NA,NA,NA,NA
"92","trend",0.0154422319392056,218676133.733841,0.0199161198428456,2768052.32574482,0.0196909615967247,218676133.733841,0.0199161198428456,2768052.32574482,0.0196909615967247,TRUE,-0.0582346497954127,0.254838144511511,0.0551330041934529,126.647008896246,12695325003.659,0.790667743792556,16056034913.1787,1e-04,5,42,1,4,661,"4_42_5",1,NA,NA,NA,NA,NA,NA,NA,NA,NA
"93","season",0.0134672133365241,-48240815.2715614,-0.00439357437805436,-610643.231285588,-0.00434390358329262,-48240815.2715614,-0.00439357437805436,-610643.231285588,-0.00434390358329262,FALSE,-0.0582346497954127,0.254838144511511,0.0551330041934529,126.647008896246,12695325003.659,0.790667743792556,16056034913.1787,1e-04,5,42,1,4,661,"4_42_5",1,NA,NA,NA,NA,NA,NA,NA,NA,NA
"94","holiday",0.0164019484461161,-180610.428781876,-1.64492525227544e-05,-11288.1517988672,-8.02999862040849e-05,-180610.428781876,-1.64492525227544e-05,-11288.1517988672,-8.02999862040849e-05,FALSE,-0.0582346497954127,0.254838144511511,0.0551330041934529,126.647008896246,12695325003.659,0.790667743792556,16056034913.1787,1e-04,5,42,1,4,661,"4_42_5",1,NA,NA,NA,NA,NA,NA,NA,NA,NA
"95","cag_V",-0.0709517572336055,-102861160.630952,-0.00936817002990213,0,0,-102861160.630952,-0.00936817002990213,0,0,FALSE,-0.0582346497954127,0.254838144511511,0.0551330041934529,126.647008896246,12695325003.659,0.790667743792556,16056034913.1787,1e-04,5,42,1,4,661,"4_42_5",1,NA,NA,NA,NA,NA,NA,NA,NA,NA
"96","Influencer_S",9516964.73052469,81542837.3301112,0.00742658511865227,1032187.81430521,0.00734262514586753,81542837.3301112,0.00742658511865227,1032187.81430521,0.00734262514586753,TRUE,-0.0582346497954127,0.254838144511511,0.0551330041934529,126.647008896246,12695325003.659,0.790667743792556,16056034913.1787,1e-04,5,42,1,4,661,"4_42_5",1,380139708.92,4936879.33662338,0.690898160345059,0.688775301858706,0.0805679526211418,0.214507549242302,4.66184059037674,397754.260489366,0.193071957386564
"97","Social_Media_S",96722.8890702817,612680.990938632,5.58004562849048e-05,7755.45558150167,5.51696138834234e-05,612680.990938632,5.58004562849048e-05,7755.45558150167,5.51696138834234e-05,TRUE,-0.0582346497954127,0.254838144511511,0.0551330041934529,126.647008896246,12695325003.659,0.790667743792556,16056034913.1787,1e-04,5,42,1,4,661,"4_42_5",1,23689500,364453.846153846,0.0430553072605701,0.00517518826047786,0.00600475452451203,0.0258629768859044,38.6653092724609,2188.45588166812,0.0166412524581574
"98","Radio_S",4423480.63374295,36232636.8727592,0.0032999190440164,754846.601515817,0.00536971620934466,36232636.8727592,0.0032999190440164,754846.601515817,0.00536971620934466,TRUE,-0.0582346497954127,0.254838144511511,0.0551330041934529,126.647008896246,12695325003.659,0.790667743792556,16056034913.1787,1e-04,5,42,1,4,661,"4_42_5",1,146381706,13307427.8181818,0.26604653239437,0.306049509880816,0.262316139573126,0.247521619079636,4.04005114267723,3490753.09291348,0.104836632497609
"99","beef",148906198.625438,5750011318.60775,0.523687302147451,72784953.4000981,0.517766845984418,5750011318.60775,0.523687302147451,72784953.4000981,0.517766845984418,TRUE,-0.0582346497954127,0.254838144511511,0.0551330041934529,126.647008896246,12695325003.659,0.790667743792556,16056034913.1787,1e-04,5,42,1,4,661,"4_42_5",1,NA,NA,NA,NA,NA,NA,NA,NA,NA
"100","chicken",34237816.3425513,1357559680.67671,0.12364093343209,17184299.7554014,0.122243132256962,1357559680.67671,0.12364093343209,17184299.7554014,0.122243132256962,TRUE,-0.0582346497954127,0.254838144511511,0.0551330041934529,126.647008896246,12695325003.659,0.790667743792556,16056034913.1787,1e-04,5,42,1,4,661,"4_42_5",1,NA,NA,NA,NA,NA,NA,NA,NA,NA
"101","(Intercept)",95686625.1371245,7559243385.83284,0.688464692615819,95686625.1371245,0.680718092107377,7559243385.83284,0.688464692615819,95686625.1371245,0.680718092107377,TRUE,-0.0589259471016343,0.254921368095918,0.0530380554890567,126.422753994622,12761772087.3896,0.794806606809664,16056034913.1787,1e-04,7,97,1,5,1543,"5_97_7",1,NA,NA,NA,NA,NA,NA,NA,NA,NA
"102","trend",0.0153355603278133,217165566.113158,0.0197785435776604,2748931.21662225,0.0195559955263539,217165566.113158,0.0197785435776604,2748931.21662225,0.0195559955263539,TRUE,-0.0589259471016343,0.254921368095918,0.0530380554890567,126.422753994622,12761772087.3896,0.794806606809664,16056034913.1787,1e-04,7,97,1,5,1543,"5_97_7",1,NA,NA,NA,NA,NA,NA,NA,NA,NA
"103","season",0.0134018951520267,-48006839.4375508,-0.00437226482464806,-607681.511867732,-0.004323068127596,-48006839.4375508,-0.00437226482464806,-607681.511867732,-0.004323068127596,FALSE,-0.0589259471016343,0.254921368095918,0.0530380554890567,126.422753994622,12761772087.3896,0.794806606809664,16056034913.1787,1e-04,7,97,1,5,1543,"5_97_7",1,NA,NA,NA,NA,NA,NA,NA,NA,NA
"104","holiday",0.01631972229768,-179704.993676108,-1.63667892298084e-05,-11231.5621047568,-7.9901736699137e-05,-179704.993676108,-1.63667892298084e-05,-11231.5621047568,-7.9901736699137e-05,FALSE,-0.0589259471016343,0.254921368095918,0.0530380554890567,126.422753994622,12761772087.3896,0.794806606809664,16056034913.1787,1e-04,7,97,1,5,1543,"5_97_7",1,NA,NA,NA,NA,NA,NA,NA,NA,NA
"105","cag_V",-0.0706010345669874,-102352706.12673,-0.00932186209191264,0,0,-102352706.12673,-0.00932186209191264,0,0,FALSE,-0.0589259471016343,0.254921368095918,0.0530380554890567,126.422753994622,12761772087.3896,0.794806606809664,16056034913.1787,1e-04,7,97,1,5,1543,"5_97_7",1,NA,NA,NA,NA,NA,NA,NA,NA,NA
"106","Influencer_S",9928745.05540323,77519352.5175639,0.00706014272576594,981257.626804607,0.00698070204301823,77519352.5175639,0.00706014272576594,981257.626804607,0.00698070204301823,TRUE,-0.0589259471016343,0.254921368095918,0.0530380554890567,126.422753994622,12761772087.3896,0.794806606809664,16056034913.1787,1e-04,7,97,1,5,1543,"5_97_7",1,380139708.92,4936879.33662338,0.690898160345059,0.663164890294997,0.0492046260236192,0.203923322658927,4.90380397377378,242917.301482287,0.127820882829838
"107","Social_Media_S",438961.185308921,3286798.43696196,0.000299348037904704,41605.0435058475,0.000295979775613978,3286798.43696196,0.000299348037904704,41605.0435058475,0.000295979775613978,TRUE,-0.0589259471016343,0.254921368095918,0.0530380554890567,126.422753994622,12761772087.3896,0.794806606809664,16056034913.1787,1e-04,7,97,1,5,1543,"5_97_7",1,23689500,364453.846153846,0.0430553072605701,0.0281180022030729,0.0529210317543909,0.138744947633422,7.20746965606343,19287.2735653176,0.121437233439792
"108","Radio_S",5071603.47327903,36086877.6904025,0.00328664389919632,751809.951883386,0.00534840303271225,36086877.6904025,0.00328664389919632,751809.951883386,0.00534840303271225,TRUE,-0.0589259471016343,0.254921368095918,0.0530380554890567,126.422753994622,12761772087.3896,0.794806606809664,16056034913.1787,1e-04,7,97,1,5,1543,"5_97_7",1,146381706,13307427.8181818,0.26604653239437,0.30871710750193,0.250501131343642,0.246525871821732,4.05636938878009,3333525.72372841,0.197200126945972
"109","beef",53341354.5059189,2027725211.51036,0.184676844387386,25667407.7406375,0.182598861664418,2027725211.51036,0.184676844387386,25667407.7406375,0.182598861664418,TRUE,-0.0589259471016343,0.254921368095918,0.0530380554890567,126.422753994622,12761772087.3896,0.794806606809664,16056034913.1787,1e-04,7,97,1,5,1543,"5_97_7",1,NA,NA,NA,NA,NA,NA,NA,NA,NA
"110","chicken",32130371.6849756,1209368348.70668,0.110144278462058,15308460.1102111,0.108904935714801,1209368348.70668,0.110144278462058,15308460.1102111,0.108904935714801,TRUE,-0.0589259471016343,0.254921368095918,0.0530380554890567,126.422753994622,12761772087.3896,0.794806606809664,16056034913.1787,1e-04,7,97,1,5,1543,"5_97_7",1,NA,NA,NA,NA,NA,NA,NA,NA,NA
"111","(Intercept)",61048515.3113602,4822832709.59745,0.439243700655725,61048515.3113602,0.434139446059511,4822832709.59745,0.439243700655725,61048515.3113602,0.434139446059511,TRUE,-0.0569598866603893,0.254684607598326,0.0697399346472261,126.036341538543,12333498137.2005,0.768130233459499,16056034913.1787,1e-04,7,42,1,6,663,"6_42_7",1,NA,NA,NA,NA,NA,NA,NA,NA,NA
"112","trend",0.0158453661167502,224384882.55127,0.020436049126665,2840314.96900342,0.0201985709396642,224384882.55127,0.020436049126665,2840314.96900342,0.0201985709396642,TRUE,-0.0569598866603893,0.254684607598326,0.0697399346472261,126.036341538543,12333498137.2005,0.768130233459499,16056034913.1787,1e-04,7,42,1,6,663,"6_42_7",1,NA,NA,NA,NA,NA,NA,NA,NA,NA
"113","season",0.0138534134646399,-49624220.1804124,-0.00451956918821225,-628154.685828004,-0.0044670492960262,-49624220.1804124,-0.00451956918821225,-628154.685828004,-0.0044670492960262,FALSE,-0.0569598866603893,0.254684607598326,0.0697399346472261,126.036341538543,12333498137.2005,0.768130233459499,16056034913.1787,1e-04,7,42,1,6,663,"6_42_7",1,NA,NA,NA,NA,NA,NA,NA,NA,NA
"114","holiday",0.0168607248005292,-185662.255054697,-1.69093520121537e-05,-11603.8909409186,-8.25197264754435e-05,-185662.255054697,-1.69093520121537e-05,-11603.8909409186,-8.25197264754435e-05,FALSE,-0.0569598866603893,0.254684607598326,0.0697399346472261,126.036341538543,12333498137.2005,0.768130233459499,16056034913.1787,1e-04,7,42,1,6,663,"6_42_7",1,NA,NA,NA,NA,NA,NA,NA,NA,NA
"115","cag_V",-0.0729348923282555,-105736178.607633,-0.00963001480279166,0,0,-105736178.607633,-0.00963001480279166,0,0,FALSE,-0.0569598866603893,0.254684607598326,0.0697399346472261,126.036341538543,12333498137.2005,0.768130233459499,16056034913.1787,1e-04,7,42,1,6,663,"6_42_7",1,NA,NA,NA,NA,NA,NA,NA,NA,NA
"116","Influencer_S",10004862.0003463,77333986.12267,0.00704326031947629,978911.216742658,0.00696141374135953,77333986.12267,0.00704326031947629,978911.216742658,0.00696141374135953,TRUE,-0.0569598866603893,0.254684607598326,0.0697399346472261,126.036341538543,12333498137.2005,0.768130233459499,16056034913.1787,1e-04,7,42,1,6,663,"6_42_7",1,380139708.92,4936879.33662338,0.690898160345059,0.66880176006377,0.037937040710964,0.203435695635114,4.91555819089693,187290.592378598,0.110122740647057
"117","Social_Media_S",162803.705131562,1000688.88793085,9.11386143386459e-05,12666.9479484918,9.00795332626143e-05,1000688.88793085,9.11386143386459e-05,12666.9479484918,9.00795332626143e-05,TRUE,-0.0569598866603893,0.254684607598326,0.0697399346472261,126.036341538543,12333498137.2005,0.768130233459499,16056034913.1787,1e-04,7,42,1,6,663,"6_42_7",1,23689500,364453.846153846,0.0430553072605701,0.00865418327800665,0.0115558906443921,0.0422418745828679,23.6731918238678,4211.58879108193,0.0305593225457415
"118","Radio_S",4122977.20453103,37295980.7988221,0.0033967640206676,776999.599975459,0.00552554266391859,37295980.7988221,0.0033967640206676,776999.599975459,0.00552554266391859,TRUE,-0.0569598866603893,0.254684607598326,0.0697399346472261,126.036341538543,12333498137.2005,0.768130233459499,16056034913.1787,1e-04,7,42,1,6,663,"6_42_7",1,146381706,13307427.8181818,0.26604653239437,0.322544056658224,0.27100718502069,0.254785804988651,3.92486543763513,3606408.55287148,0.0840266952291131
"119","beef",77739464.1692984,2892069346.17138,0.263397741256369,36608472.7363466,0.260336913908286,2892069346.17138,0.263397741256369,36608472.7363466,0.260336913908286,TRUE,-0.0569598866603893,0.254684607598326,0.0697399346472261,126.036341538543,12333498137.2005,0.768130233459499,16056034913.1787,1e-04,7,42,1,6,663,"6_42_7",1,NA,NA,NA,NA,NA,NA,NA,NA,NA
"120","chicken",78704196.5433997,3080484757.16357,0.280557839349775,38993477.9387794,0.277297602176499,3080484757.16357,0.280557839349775,38993477.9387794,0.277297602176499,TRUE,-0.0569598866603893,0.254684607598326,0.0697399346472261,126.036341538543,12333498137.2005,0.768130233459499,16056034913.1787,1e-04,7,42,1,6,663,"6_42_7",1,NA,NA,NA,NA,NA,NA,NA,NA,NA
"121","(Intercept)",77833391.1956511,6148837904.45644,0.560010781736419,77833391.1956511,0.553869930803002,6148837904.45644,0.560010781736419,77833391.1956511,0.553869930803002,TRUE,-0.0602644385090401,0.255082428605711,0.0360226262534506,126.986932602448,13121684892.6228,0.81722489389359,16056034913.1787,1e-04,4,34,1,7,532,"7_34_4",1,NA,NA,NA,NA,NA,NA,NA,NA,NA
"122","trend",0.0149607512378249,211857926.452671,0.0192951456605856,2681745.90446419,0.0190835629248518,211857926.452671,0.0192951456605856,2681745.90446419,0.0190835629248518,TRUE,-0.0602644385090401,0.255082428605711,0.0360226262534506,126.986932602448,13121684892.6228,0.81722489389359,16056034913.1787,1e-04,4,34,1,7,532,"7_34_4",1,NA,NA,NA,NA,NA,NA,NA,NA,NA
"123","season",0.0130429645112455,-46721116.377809,-0.00425516647420029,-591406.536427962,-0.00420850604574583,-46721116.377809,-0.00425516647420029,-591406.536427962,-0.00420850604574583,FALSE,-0.0602644385090401,0.255082428605711,0.0360226262534506,126.986932602448,13121684892.6228,0.81722489389359,16056034913.1787,1e-04,4,34,1,7,532,"7_34_4",1,NA,NA,NA,NA,NA,NA,NA,NA,NA
"124","holiday",0.0159063942085677,-175153.622011491,-1.59522690808827e-05,-10947.1013757182,-7.79006309287118e-05,-175153.622011491,-1.59522690808827e-05,-10947.1013757182,-7.79006309287118e-05,FALSE,-0.0602644385090401,0.255082428605711,0.0360226262534506,126.986932602448,13121684892.6228,0.81722489389359,16056034913.1787,1e-04,4,34,1,7,532,"7_34_4",1,NA,NA,NA,NA,NA,NA,NA,NA,NA
"125","cag_V",-0.0687659436776122,-99692312.8383307,-0.00907956444993333,0,0,-99692312.8383307,-0.00907956444993333,0,0,FALSE,-0.0602644385090401,0.255082428605711,0.0360226262534506,126.986932602448,13121684892.6228,0.81722489389359,16056034913.1787,1e-04,4,34,1,7,532,"7_34_4",1,NA,NA,NA,NA,NA,NA,NA,NA,NA
"126","Influencer_S",10397770.2217444,81709156.110226,0.00744173274679222,1034293.11531932,0.00736012972596701,81709156.110226,0.00744173274679222,1034293.11531932,0.00736012972596701,TRUE,-0.0602644385090401,0.255082428605711,0.0360226262534506,126.986932602448,13121684892.6228,0.81722489389359,16056034913.1787,1e-04,4,34,1,7,532,"7_34_4",1,380139708.92,4936879.33662338,0.690898160345059,0.683435865044854,0.0885572569923063,0.214945069386112,4.65235142567364,437196.492153363,0.188056054874323
"127","Social_Media_S",439272.341471979,2647943.33395777,0.000241163751506394,33518.2700500984,0.000238519247691749,2647943.33395777,0.000241163751506394,33518.2700500984,0.000238519247691749,TRUE,-0.0602644385090401,0.255082428605711,0.0360226262534506,126.986932602448,13121684892.6228,0.81722489389359,16056034913.1787,1e-04,4,34,1,7,532,"7_34_4",1,23689500,364453.846153846,0.0430553072605701,0.0221480618474617,0.0379482135891406,0.11177708832849,8.94637724916578,13830.3723972299,0.0856155075834977
"128","Radio_S",5335170.56981851,35199336.3376337,0.00320581029543077,733319.507034036,0.00521837245400824,35199336.3376337,0.00320581029543077,733319.507034036,0.00521837245400824,TRUE,-0.0602644385090401,0.255082428605711,0.0360226262534506,126.986932602448,13121684892.6228,0.81722489389359,16056034913.1787,1e-04,4,34,1,7,532,"7_34_4",1,146381706,13307427.8181818,0.26604653239437,0.294416073107684,0.219774251626436,0.240462673236188,4.15864960054643,2924629.98981373,0.291781769134104
"129","beef",81040732.0731167,3111241008.78996,0.283358991825121,39382797.5796197,0.28025179213149,3111241008.78996,0.283358991825121,39382797.5796197,0.28025179213149,TRUE,-0.0602644385090401,0.255082428605711,0.0360226262534506,126.986932602448,13121684892.6228,0.81722489389359,16056034913.1787,1e-04,4,34,1,7,532,"7_34_4",1,NA,NA,NA,NA,NA,NA,NA,NA,NA
"130","chicken",40021779.5909186,1534951597.60727,0.139797057177359,19429767.0583199,0.138264099389663,1534951597.60727,0.139797057177359,19429767.0583199,0.138264099389663,TRUE,-0.0602644385090401,0.255082428605711,0.0360226262534506,126.986932602448,13121684892.6228,0.81722489389359,16056034913.1787,1e-04,4,34,1,7,532,"7_34_4",1,NA,NA,NA,NA,NA,NA,NA,NA,NA
"131","(Intercept)",105965619.070577,8371283906.57556,0.762421992172081,105965619.070577,0.754302557758745,8371283906.57556,0.762421992172081,105965619.070577,0.754302557758745,TRUE,-0.0619071371468591,0.255279955452335,0.0255754984003534,126.842285150124,13551866925.0534,0.844020118073319,16056034913.1787,1e-04,9,73,1,8,1161,"8_73_9",1,NA,NA,NA,NA,NA,NA,NA,NA,NA
"132","trend",0.0145290861906597,205745154.415977,0.0187384196092508,2604369.04324021,0.0185388642834746,205745154.415977,0.0187384196092508,2604369.04324021,0.0185388642834746,TRUE,-0.0619071371468591,0.255279955452335,0.0255754984003534,126.842285150124,13551866925.0534,0.844020118073319,16056034913.1787,1e-04,9,73,1,8,1161,"8_73_9",1,NA,NA,NA,NA,NA,NA,NA,NA,NA
"133","season",0.0126387896749688,-45273324.3864728,-0.00412330755427783,-573080.055524972,-0.00407939627470208,-45273324.3864728,-0.00412330755427783,-573080.055524972,-0.00407939627470208,FALSE,-0.0619071371468591,0.255279955452335,0.0255754984003534,126.842285150124,13551866925.0534,0.844020118073319,16056034913.1787,1e-04,9,73,1,8,1161,"8_73_9",1,NA,NA,NA,NA,NA,NA,NA,NA,NA
"134","holiday",0.0154126848936777,-169717.130648965,-1.54571358825226e-05,-10607.3206655603,-7.55068406071438e-05,-169717.130648965,-1.54571358825226e-05,-10607.3206655603,-7.55068406071438e-05,FALSE,-0.0619071371468591,0.255279955452335,0.0255754984003534,126.842285150124,13551866925.0534,0.844020118073319,16056034913.1787,1e-04,9,73,1,8,1161,"8_73_9",1,NA,NA,NA,NA,NA,NA,NA,NA,NA
"135","cag_V",-0.0666668664414204,-96649209.6202129,-0.00880241116689627,0,0,-96649209.6202129,-0.00880241116689627,0,0,FALSE,-0.0619071371468591,0.255279955452335,0.0255754984003534,126.842285150124,13551866925.0534,0.844020118073319,16056034913.1787,1e-04,9,73,1,8,1161,"8_73_9",1,NA,NA,NA,NA,NA,NA,NA,NA,NA
"136","Influencer_S",6032947.14911476,82681787.2802627,0.00753031597997173,1046604.90228181,0.00745012166850272,82681787.2802627,0.00753031597997173,1046604.90228181,0.00745012166850272,TRUE,-0.0619071371468591,0.255279955452335,0.0255754984003534,126.842285150124,13551866925.0534,0.844020118073319,16056034913.1787,1e-04,9,73,1,8,1161,"8_73_9",1,380139708.92,4936879.33662338,0.690898160345059,0.687060480766263,0.12265803534846,0.217503684408994,4.59762326655395,605547.92018263,0.322275914950296
"137","Social_Media_S",300869.105476013,3272990.55841949,0.00029809047330846,41430.2602331581,0.000294915950443015,3272990.55841949,0.00029809047330846,41430.2602331581,0.000294915950443015,TRUE,-0.0619071371468591,0.255279955452335,0.0255754984003534,126.842285150124,13551866925.0534,0.844020118073319,16056034913.1787,1e-04,9,73,1,8,1161,"8_73_9",1,23689500,364453.846153846,0.0430553072605701,0.0271975551155985,0.0427203597851024,0.138162078491293,7.23787605774199,15569.5994327567,0.119143545534826
"138","Radio_S",6654870.93870895,34386574.3346368,0.00313178728624816,716386.965304933,0.0050995079820619,34386574.3346368,0.00313178728624816,716386.965304933,0.0050995079820619,TRUE,-0.0619071371468591,0.255279955452335,0.0255754984003534,126.842285150124,13551866925.0534,0.844020118073319,16056034913.1787,1e-04,9,73,1,8,1161,"8_73_9",1,146381706,13307427.8181818,0.26604653239437,0.285741964118139,0.245062745900605,0.234910326394453,4.25694355522216,3261154.80199773,0.113947453442961
"139","beef",37589435.7133053,1376397325.16099,0.125356588353822,17422750.9514049,0.124021599846317,1376397325.16099,0.125356588353822,17422750.9514049,0.124021599846317,TRUE,-0.0619071371468591,0.255279955452335,0.0255754984003534,126.842285150124,13551866925.0534,0.844020118073319,16056034913.1787,1e-04,9,73,1,8,1161,"8_73_9",1,NA,NA,NA,NA,NA,NA,NA,NA,NA
"140","chicken",25340868.9320081,1048180803.06149,0.0954639819823751,13268111.4311581,0.0944473356257643,1048180803.06149,0.0954639819823751,13268111.4311581,0.0944473356257643,TRUE,-0.0619071371468591,0.255279955452335,0.0255754984003534,126.842285150124,13551866925.0534,0.844020118073319,16056034913.1787,1e-04,9,73,1,8,1161,"8_73_9",1,NA,NA,NA,NA,NA,NA,NA,NA,NA
"141","(Intercept)",85748281.0459715,6774114202.63174,0.616958366626992,85748281.0459715,0.609854587862309,6774114202.63174,0.616958366626992,85748281.0459715,0.609854587862309,TRUE,-0.0573368538144607,0.254730020472602,0.0613080201811497,126.978696466377,12455045913.7392,0.7757012142894,16056034913.1787,1e-04,12,120,1,9,1916,"9_120_12",1,NA,NA,NA,NA,NA,NA,NA,NA,NA
"142","trend",0.0156911629409575,222201224.487813,0.0202371705616152,2812673.72769383,0.0200041558392785,222201224.487813,0.0202371705616152,2812673.72769383,0.0200041558392785,TRUE,-0.0573368538144607,0.254730020472602,0.0613080201811497,126.978696466377,12455045913.7392,0.7757012142894,16056034913.1787,1e-04,12,120,1,9,1916,"9_120_12",1,NA,NA,NA,NA,NA,NA,NA,NA,NA
"143","season",0.0137210466596627,-49150069.929174,-0.00447638554002012,-622152.783913595,-0.0044248435652908,-49150069.929174,-0.00447638554002012,-622152.783913595,-0.0044248435652908,FALSE,-0.0573368538144607,0.254730020472602,0.0613080201811497,126.978696466377,12455045913.7392,0.7757012142894,16056034913.1787,1e-04,12,120,1,9,1916,"9_120_12",1,NA,NA,NA,NA,NA,NA,NA,NA,NA
"144","holiday",0.0167018059074528,-183912.316045051,-1.67499747886831e-05,-11494.5197528157,-8.17507420675917e-05,-183912.316045051,-1.67499747886831e-05,-11494.5197528157,-8.17507420675917e-05,FALSE,-0.0573368538144607,0.254730020472602,0.0613080201811497,126.978696466377,12455045913.7392,0.7757012142894,16056034913.1787,1e-04,12,120,1,9,1916,"9_120_12",1,NA,NA,NA,NA,NA,NA,NA,NA,NA
"145","cag_V",-0.0722526645798803,-104747129.981515,-0.00953993633546276,0,0,-104747129.981515,-0.00953993633546276,0,0,FALSE,-0.0573368538144607,0.254730020472602,0.0613080201811497,126.978696466377,12455045913.7392,0.7757012142894,16056034913.1787,1e-04,12,120,1,9,1916,"9_120_12",1,NA,NA,NA,NA,NA,NA,NA,NA,NA
"146","Influencer_S",11341150.0556047,77892678.7713693,0.00709414374034542,985983.275586953,0.00701246038797953,77892678.7713693,0.00709414374034542,985983.275586953,0.00701246038797953,TRUE,-0.0573368538144607,0.254730020472602,0.0613080201811497,126.978696466377,12455045913.7392,0.7757012142894,16056034913.1787,1e-04,12,120,1,9,1916,"9_120_12",1,380139708.92,4936879.33662338,0.690898160345059,0.666076567414508,0.0483931049389729,0.204905399103575,4.88030088213793,238910.919808262,0.127742821583524
"147","Social_Media_S",295044.019863829,2083878.70126935,0.000189791072504274,26378.2114084728,0.000187605781140202,2083878.70126935,0.000189791072504274,26378.2114084728,0.000187605781140202,TRUE,-0.0573368538144607,0.254730020472602,0.0613080201811497,126.978696466377,12455045913.7392,0.7757012142894,16056034913.1787,1e-04,12,120,1,9,1916,"9_120_12",1,23689500,364453.846153846,0.0430553072605701,0.0178196820823664,0.0274920374338295,0.08796634379237,11.3679841276606,10019.5787813647,0.0689091583608388
"148","Radio_S",4695369.81915624,36965972.2334029,0.00336670820238588,770124.421529227,0.00547723996289336,36965972.2334029,0.00336670820238588,770124.421529227,0.00547723996289336,TRUE,-0.0573368538144607,0.254730020472602,0.0613080201811497,126.978696466377,12455045913.7392,0.7757012142894,16056034913.1787,1e-04,12,120,1,9,1916,"9_120_12",1,146381706,13307427.8181818,0.26604653239437,0.316103750503126,0.261676663419178,0.252531366408606,3.95990412684798,3482243.31015336,0.140844599809498
"149","beef",49718580.2733607,1911638427.25978,0.174104139136802,24197954.7754403,0.172099470178011,1911638427.25978,0.174104139136802,24197954.7754403,0.172099470178011,TRUE,-0.0573368538144607,0.254730020472602,0.0613080201811497,126.978696466377,12455045913.7392,0.7757012142894,16056034913.1787,1e-04,12,120,1,9,1916,"9_120_12",1,NA,NA,NA,NA,NA,NA,NA,NA,NA
"150","chicken",54384951.5243548,2109041018.39136,0.192082752509626,26696721.7517893,0.189871074295747,2109041018.39136,0.192082752509626,26696721.7517893,0.189871074295747,TRUE,-0.0573368538144607,0.254730020472602,0.0613080201811497,126.978696466377,12455045913.7392,0.7757012142894,16056034913.1787,1e-04,12,120,1,9,1916,"9_120_12",1,NA,NA,NA,NA,NA,NA,NA,NA,NA
"151","(Intercept)",33471228.4979829,2644227051.34065,0.240825287821727,33471228.4979829,0.238115668039455,2644227051.34065,0.240825287821727,33471228.4979829,0.238115668039455,TRUE,-0.0587723688479695,0.254902881534955,0.0547033357199131,125.903890334242,12769492578.1303,0.795287501557884,16056034913.1787,1e-04,3,100,1,10,1587,"10_100_3",1,NA,NA,NA,NA,NA,NA,NA,NA,NA
"152","trend",0.0153420938535595,217258086.81583,0.0197869699814517,2750102.36475734,0.0195643390203183,217258086.81583,0.0197869699814517,2750102.36475734,0.0195643390203183,TRUE,-0.0587723688479695,0.254902881534955,0.0547033357199131,125.903890334242,12769492578.1303,0.795287501557884,16056034913.1787,1e-04,3,100,1,10,1587,"10_100_3",1,NA,NA,NA,NA,NA,NA,NA,NA,NA
"153","season",0.0133921250811369,-47971842.1316342,-0.00436907741444965,-607238.507995369,-0.00431991921059344,-47971842.1316342,-0.00436907741444965,-607238.507995369,-0.00431991921059344,FALSE,-0.0587723688479695,0.254902881534955,0.0547033357199131,125.903890334242,12769492578.1303,0.795287501557884,16056034913.1787,1e-04,3,100,1,10,1587,"10_100_3",1,NA,NA,NA,NA,NA,NA,NA,NA,NA
"154","holiday",0.0163208656663258,-179717.583905985,-1.63679358959891e-05,-11232.3489941241,-7.99073832784276e-05,-179717.583905985,-1.63679358959891e-05,-11232.3489941241,-7.99073832784276e-05,FALSE,-0.0587723688479695,0.254902881534955,0.0547033357199131,125.903890334242,12769492578.1303,0.795287501557884,16056034913.1787,1e-04,3,100,1,10,1587,"10_100_3",1,NA,NA,NA,NA,NA,NA,NA,NA,NA
"155","cag_V",-0.0705475597178899,-102275181.830543,-0.0093148014989379,0,0,-102275181.830543,-0.0093148014989379,0,0,FALSE,-0.0587723688479695,0.254902881534955,0.0547033357199131,125.903890334242,12769492578.1303,0.795287501557884,16056034913.1787,1e-04,3,100,1,10,1587,"10_100_3",1,NA,NA,NA,NA,NA,NA,NA,NA,NA
"156","Influencer_S",7599926.0309519,78618638.9723388,0.00716026119960708,995172.645219479,0.00707969829208115,78618638.9723388,0.00716026119960708,995172.645219479,0.00707969829208115,TRUE,-0.0587723688479695,0.254902881534955,0.0547033357199131,125.903890334242,12769492578.1303,0.795287501557884,16056034913.1787,1e-04,3,100,1,10,1587,"10_100_3",1,380139708.92,4936879.33662338,0.690898160345059,0.673979561464462,0.0512551175357906,0.206815118567064,4.83523645141896,253040.330658647,0.147885697457241
"157","Social_Media_S",272384.201437794,1833233.27716649,0.000166963321623288,23205.4845210948,0.000165084751796687,1833233.27716649,0.000166963321623288,23205.4845210948,0.000165084751796687,TRUE,-0.0587723688479695,0.254902881534955,0.0547033357199131,125.903890334242,12769492578.1303,0.795287501557884,16056034913.1787,1e-04,3,100,1,10,1587,"10_100_3",1,23689500,364453.846153846,0.0430553072605701,0.0157158884503387,0.0253341527906633,0.0773858999627045,12.9222507004757,9233.12942360642,0.0634335755767097
"158","Radio_S",5667828.92485806,36196529.9683775,0.0032966305761688,754094.374341198,0.0053646577603768,36196529.9683775,0.0032966305761688,754094.374341198,0.0053646577603768,TRUE,-0.0587723688479695,0.254902881534955,0.0547033357199131,125.903890334242,12769492578.1303,0.795287501557884,16056034913.1787,1e-04,3,100,1,10,1587,"10_100_3",1,146381706,13307427.8181818,0.26604653239437,0.310304550085199,0.242302911865037,0.247274956396379,4.04408119032084,3224428.50977926,0.202111840248108
"159","beef",163109725.283491,6322896490.56499,0.575863319466181,80036664.4375315,0.569384055363877,6322896490.56499,0.575863319466181,80036664.4375315,0.569384055363877,TRUE,-0.0587723688479695,0.254902881534955,0.0547033357199131,125.903890334242,12769492578.1303,0.795287501557884,16056034913.1787,1e-04,3,100,1,10,1587,"10_100_3",1,NA,NA,NA,NA,NA,NA,NA,NA,NA
"160","chicken",46264188.780984,1829253000.85673,0.166600814482525,23155101.2766674,0.164726323365967,1829253000.85673,0.166600814482525,23155101.2766674,0.164726323365967,TRUE,-0.0587723688479695,0.254902881534955,0.0547033357199131,125.903890334242,12769492578.1303,0.795287501557884,16056034913.1787,1e-04,3,100,1,10,1587,"10_100_3",1,NA,NA,NA,NA,NA,NA,NA,NA,NA
"161","(Intercept)",40775510.7790439,3221265351.54447,0.293379554922309,40775510.7790439,0.290138259386009,3221265351.54447,0.293379554922309,40775510.7790439,0.290138259386009,TRUE,-0.0595571073936176,0.254997328212688,0.0419783063896063,126.656159309301,13016362469.2285,0.810664559585679,16056034913.1787,1e-04,9,104,1,10,1657,"10_104_9",1,NA,NA,NA,NA,NA,NA,NA,NA,NA
"162","trend",0.0150796037719012,213540987.08397,0.0194484318773455,2703050.46941735,0.0192335630687512,213540987.08397,0.0194484318773455,2703050.46941735,0.0192335630687512,TRUE,-0.0595571073936176,0.254997328212688,0.0419783063896063,126.656159309301,13016362469.2285,0.810664559585679,16056034913.1787,1e-04,9,104,1,10,1657,"10_104_9",1,NA,NA,NA,NA,NA,NA,NA,NA,NA
"163","season",0.0131435490209263,-47081419.4805699,-0.00428798139392568,-595967.335197087,-0.00424060721696386,-47081419.4805699,-0.00428798139392568,-595967.335197087,-0.00424060721696386,FALSE,-0.0595571073936176,0.254997328212688,0.0419783063896063,126.656159309301,13016362469.2285,0.810664559585679,16056034913.1787,1e-04,9,104,1,10,1657,"10_104_9",1,NA,NA,NA,NA,NA,NA,NA,NA,NA
"164","holiday",0.0160269149293235,-176480.738672314,-1.60731373896967e-05,-11030.0461670196,-7.84843239165781e-05,-176480.738672314,-1.60731373896967e-05,-11030.0461670196,-7.84843239165781e-05,FALSE,-0.0595571073936176,0.254997328212688,0.0419783063896063,126.656159309301,13016362469.2285,0.810664559585679,16056034913.1787,1e-04,9,104,1,10,1657,"10_104_9",1,NA,NA,NA,NA,NA,NA,NA,NA,NA
"165","cag_V",-0.0692837762849413,-100443032.271918,-0.0091479368779271,0,0,-100443032.271918,-0.0091479368779271,0,0,FALSE,-0.0595571073936176,0.254997328212688,0.0419783063896063,126.656159309301,13016362469.2285,0.810664559585679,16056034913.1787,1e-04,9,104,1,10,1657,"10_104_9",1,NA,NA,NA,NA,NA,NA,NA,NA,NA
"166","Influencer_S",8692478.83897032,81360570.2356294,0.00740998498385418,1029880.63589404,0.00732811850458102,81360570.2356294,0.00740998498385418,1029880.63589404,0.00732811850458102,TRUE,-0.0595571073936176,0.254997328212688,0.0419783063896063,126.656159309301,13016362469.2285,0.810664559585679,16056034913.1787,1e-04,9,104,1,10,1657,"10_104_9",1,380139708.92,4936879.33662338,0.690898160345059,0.684384355135583,0.0915307034458441,0.214028075274692,4.67228422587345,451876.03850839,0.214857707032934
"167","Social_Media_S",335952.951307216,2041196.76970124,0.000185903778313911,25837.9337936866,0.000183849889156605,2041196.76970124,0.000185903778313911,25837.9337936866,0.000183849889156605,TRUE,-0.0595571073936176,0.254997328212688,0.0419783063896063,126.656159309301,13016362469.2285,0.810664559585679,16056034913.1787,1e-04,9,104,1,10,1657,"10_104_9",1,23689500,364453.846153846,0.0430553072605701,0.0171700263517212,0.0259996909719738,0.0861646201777683,11.6056915000249,9475.68737354727,0.0621679953073908
"168","Radio_S",4760427.42275506,35479632.9347821,0.00323133855279031,739159.019474626,0.00525948804128914,35479632.9347821,0.00323133855279031,739159.019474626,0.00525948804128914,TRUE,-0.0595571073936176,0.254997328212688,0.0419783063896063,126.656159309301,13016362469.2285,0.810664559585679,16056034913.1787,1e-04,9,104,1,10,1657,"10_104_9",1,146381706,13307427.8181818,0.26604653239437,0.298445618512696,0.228326680048217,0.242377506754717,4.12579538996573,3038440.81370675,0.234249639324844
"169","beef",54702699.8279835,1984801870.87358,0.180767563655279,25124074.3148554,0.178770420066528,1984801870.87358,0.180767563655279,25124074.3148554,0.178770420066528,TRUE,-0.0595571073936176,0.254997328212688,0.0419783063896063,126.656159309301,13016362469.2285,0.810664559585679,16056034913.1787,1e-04,9,104,1,10,1657,"10_104_9",1,NA,NA,NA,NA,NA,NA,NA,NA,NA
"170","chicken",142050880.118015,5589067613.29903,0.50902921363935,70747691.3075827,0.503405392584565,5589067613.29903,0.50902921363935,70747691.3075827,0.503405392584565,TRUE,-0.0595571073936176,0.254997328212688,0.0419783063896063,126.656159309301,13016362469.2285,0.810664559585679,16056034913.1787,1e-04,9,104,1,10,1657,"10_104_9",1,NA,NA,NA,NA,NA,NA,NA,NA,NA
"171","(Intercept)",57445025.9512882,4538157050.15177,0.413316616373349,57445025.9512882,0.408982180440303,4538157050.15177,0.413316616373349,57445025.9512882,0.408982180440303,TRUE,-0.0627706133276038,0.255383723174517,0.0141597022789015,126.722169137397,13744630627.5099,0.856027004069579,16056034913.1787,1e-04,6,114,1,10,1814,"10_114_6",1,NA,NA,NA,NA,NA,NA,NA,NA,NA
"172","trend",0.0143325124273573,202961490.064754,0.0184848949475761,2569132.7856298,0.0182910445440226,202961490.064754,0.0184848949475761,2569132.7856298,0.0182910445440226,TRUE,-0.0627706133276038,0.255383723174517,0.0141597022789015,126.722169137397,13744630627.5099,0.856027004069579,16056034913.1787,1e-04,6,114,1,10,1814,"10_114_6",1,NA,NA,NA,NA,NA,NA,NA,NA,NA
"173","season",0.0124670877696836,-44658272.1341871,-0.004067291133295,-565294.583977052,-0.00402463760295063,-44658272.1341871,-0.004067291133295,-565294.583977052,-0.00402463760295063,FALSE,-0.0627706133276038,0.255383723174517,0.0141597022789015,126.722169137397,13744630627.5099,0.856027004069579,16056034913.1787,1e-04,6,114,1,10,1814,"10_114_6",1,NA,NA,NA,NA,NA,NA,NA,NA,NA
"174","holiday",0.0152072075648809,-167454.512364262,-1.52510659463694e-05,-10465.9070227664,-7.45124473977278e-05,-167454.512364262,-1.52510659463694e-05,-10465.9070227664,-7.45124473977278e-05,FALSE,-0.0627706133276038,0.255383723174517,0.0141597022789015,126.722169137397,13744630627.5099,0.856027004069579,16056034913.1787,1e-04,6,114,1,10,1814,"10_114_6",1,NA,NA,NA,NA,NA,NA,NA,NA,NA
"175","cag_V",-0.0657774095601121,-95359733.9157376,-0.00868497104105234,0,0,-95359733.9157376,-0.00868497104105234,0,0,FALSE,-0.0627706133276038,0.255383723174517,0.0141597022789015,126.722169137397,13744630627.5099,0.856027004069579,16056034913.1787,1e-04,6,114,1,10,1814,"10_114_6",1,NA,NA,NA,NA,NA,NA,NA,NA,NA
"176","Influencer_S",5739135.5569762,83190007.9673517,0.00757660262286161,1053038.0755361,0.00749714707387571,83190007.9673517,0.00757660262286161,1053038.0755361,0.00749714707387571,TRUE,-0.0627706133276038,0.255383723174517,0.0141597022789015,126.722169137397,13744630627.5099,0.856027004069579,16056034913.1787,1e-04,6,114,1,10,1814,"10_114_6",1,380139708.92,4936879.33662338,0.690898160345059,0.68762830944165,0.130352506485258,0.218840615740196,4.56953567150982,643534.595744134,0.345373244024813
"177","Social_Media_S",433218.808387735,4244815.13639582,0.000386600245411697,53731.8371695673,0.000382545983064008,4244815.13639582,0.000386600245411697,53731.8371695673,0.000382545983064008,TRUE,-0.0627706133276038,0.255383723174517,0.0141597022789015,126.722169137397,13744630627.5099,0.856027004069579,16056034913.1787,1e-04,6,114,1,10,1814,"10_114_6",1,23689500,364453.846153846,0.0430553072605701,0.035086606281823,0.0851013831515327,0.179185509883949,5.58080840715109,31015.5264025882,0.197945766216435
"178","Radio_S",5667223.83544834,33546245.9201579,0.00305525364206694,698880.123336623,0.00497570524123317,33546245.9201579,0.00305525364206694,698880.123336623,0.00497570524123317,TRUE,-0.0627706133276038,0.255383723174517,0.0141597022789015,126.722169137397,13744630627.5099,0.856027004069579,16056034913.1787,1e-04,6,114,1,10,1814,"10_114_6",1,146381706,13307427.8181818,0.26604653239437,0.277285084276527,0.22840922782168,0.229169660860203,4.36357935097707,3039539.31224365,0.248453276697546
"179","beef",116920157.700679,4555972911.84321,0.414939211534933,57670543.1878887,0.410587759506974,4555972911.84321,0.414939211534933,57670543.1878887,0.410587759506974,TRUE,-0.0627706133276038,0.255383723174517,0.0141597022789015,126.722169137397,13744630627.5099,0.856027004069579,16056034913.1787,1e-04,6,114,1,10,1814,"10_114_6",1,NA,NA,NA,NA,NA,NA,NA,NA,NA
"180","chicken",45180776.5998436,1701969229.72866,0.155008333874095,21543914.3003627,0.153382767260875,1701969229.72866,0.155008333874095,21543914.3003627,0.153382767260875,TRUE,-0.0627706133276038,0.255383723174517,0.0141597022789015,126.722169137397,13744630627.5099,0.856027004069579,16056034913.1787,1e-04,6,114,1,10,1814,"10_114_6",1,NA,NA,NA,NA,NA,NA,NA,NA,NA
