"","ds","dep_var","trend","season","holiday","cag_V","Influencer_S","Social_Media_S","Radio_S","chicken","intercept","depVarHat","solID"
"1","2019-10-13",15703190.71,1321143.31435815,-476253.566816163,-372300.683301378,7335542.56559262,1.89762795929643,6.00598064294791,370.933757729427,7734841.59258016,109789974.949989,15543352.0597797,"2_122_12"
"2","2019-10-20",16903252.55,1327766.02275001,-1525228.3946844,0,7124484.84967031,37.6471877926625,18.1849531467936,1097.47466029692,10128065.7690129,109789974.949989,17056241.5535501,"2_122_12"
"3","2019-10-27",17041206.68,1334388.73114187,-1723708.87801541,0,7196553.08064657,132.013288764395,42.7317979474116,2119.87903023405,10135256.8903917,109789974.949989,16944784.4482817,"2_122_12"
"4","2019-11-03",44838814.19,1341011.44110879,-1583226.63417492,0,7266047.95181332,33939.2988922462,58.8895761232058,2607.1975666756,10175493.4987243,109789974.949989,17235931.6435066,"2_122_12"
"5","2019-11-10",34654156.8,1347634.15107572,-1616419.91958034,-575914.102527697,7420480.42687843,189715.186232368,64.8962410338466,2619.46268863065,10213694.2800737,109789974.949989,16981874.3810818,"2_122_12"
"6","2019-11-17",36825456.94,1354256.8578078,-1881456.67288906,0,7628964.01082887,323346.571545709,38.0977328190243,2619.46288812002,10227729.8398317,109789974.949989,17655498.1677459,"2_122_12"
"7","2019-11-24",39523546.72,1360879.56453987,-2106836.59216766,43628.0082438319,7544026.14954306,363034.279609233,424.486004503438,2619.46288812002,10227773.8143565,109789974.949989,17435549.1730174,"2_122_12"
"8","2019-12-01",58638124.42,1367502.27127195,-2114606.49776741,0,7621242.90185053,371244.106554766,1480.73711363627,2619.46288812002,10209945.321458,109789974.949989,17459428.3033696,"2_122_12"
"9","2019-12-08",34595451,1374124.9775465,-1993924.88597913,0,7585208.14289375,376636.259629551,3496.30490781419,2619.46288812002,10192972.8000378,109789974.949989,17541133.0619244,"2_122_12"
"10","2019-12-15",38934322.21,1380747.68382105,-1894278.1067775,0,9052316.39862482,379632.838854345,3292.5261002172,2619.46288812002,10186725.464337,109789974.949989,19111056.2678481,"2_122_12"
"11","2019-12-22",45290872.74,1387370.39009561,-1801314.99604091,-240412.284373895,9160419.64594531,379580.105610133,1818.15713140347,2619.46288812002,10186705.8812936,109789974.949989,19076786.3625494,"2_122_12"
"12","2019-12-29",64776493.72,1393993.09207084,-1607446.48330315,-322460.541282049,8856702.44498393,370731.028421808,1821.33803976638,2619.46288812002,10186705.8812936,109789974.949989,18882666.2231129,"2_122_12"
"13","2020-01-05",64894467.84,1400615.79404607,-1335460.56607766,0,8704843.84450324,416560.194963143,1952.13037653508,2619.46288812002,10569170.4146011,109789974.949989,19760301.2753005,"2_122_12"
"14","2020-01-12",24732351.93,1407238.4976797,-1163613.85421498,0,8589019.23081695,113002.836503774,1322.05246212145,2619.46288812002,10925828.6361619,109789974.949989,19875416.8622976,"2_122_12"
"15","2020-01-19",26557621.63,1413861.20131332,-1201586.1071272,63272.9278005072,8558132.99319139,20596.009978581,1200.16096866499,2619.46288812002,11055202.4518629,109789974.949989,19913299.1008763,"2_122_12"
"16","2020-01-26",26292907.18,1420483.90494695,-1335640.38856758,0,8614758.49143606,8121.52690533299,457.847401955927,2619.46288812002,11055606.3432607,109789974.949989,19766407.1882715,"2_122_12"
"17","2020-02-02",28287255.18,1427106.60518773,-1376887.56586307,0,8563280.74236023,7652.4082600536,37.9998175504312,2619.46288812002,10940253.0654206,109789974.949989,19564062.7180713,"2_122_12"
"18","2020-02-09",32890363.52,1433729.30542852,-1323042.06836362,0,8498933.87774977,7715.54165403905,4.95997248885557,2619.46288812002,10829792.6827608,109789974.949989,19449753.7620901,"2_122_12"
"19","2020-02-16",5841619.91,1440352.0056693,-1370071.40625373,-140135.386267506,8089687.81882723,2330.92611668098,5.58452091136672,2619.46288812002,10788977.8377052,109789974.949989,18813766.8432062,"2_122_12"
"20","2020-02-23",5115095.26,1446974.70198022,-1640063.91917116,0,7554321.90526819,490.98652054556,6.26170265345441,2619.46288812002,10788849.7677959,109789974.949989,18153199.1669845,"2_122_12"
"21","2020-03-01",3178917.26,1453597.39829114,-1987231.70268428,0,7456514.41367283,147.677684445385,17.2597773276973,2619.46288812002,10689092.3205099,109789974.949989,17614756.8301395,"2_122_12"
"22","2020-03-08",36760762.07,1460220.09167441,-2158401.16576826,0,7266047.95181332,155.372640408559,23.7077237025708,2619.46288812002,10593688.4793458,109789974.949989,17164353.9003175,"2_122_12"
"23","2020-03-15",44275947.01,1466842.78505768,-2111368.16367684,0,8220955.68002003,153.6443945672,30.8088663365722,2619.46288812002,10558466.4037979,109789974.949989,18137700.6213478,"2_122_12"
"24","2020-03-22",52300359.72,1473465.47844094,-2066228.95283593,0,7237735.58877218,101.989907303861,37.684255260056,2619.46288812002,10558355.9076029,109789974.949989,17206087.1590308,"2_122_12"
"25","2020-03-29",31399641.03,1480087.42200265,-2208824.62507249,0,8223529.55460445,56.7369309991824,33.1208803754081,2619.46288812002,10558355.9076027,109789974.949989,18055857.5798368,"2_122_12"
"26","2020-04-05",32570266.98,1486709.36556435,-2439977.33589579,0,8460325.50159603,40.6009803274216,22.2593252774804,2619.46288812002,10433095.5851261,109789974.949989,17942835.4395844,"2_122_12"
"27","2020-04-12",928.58,1493331.30912606,-2521200.756728,0,8681678.97324348,8.24645844550221,374.530965079547,2619.46288812002,10313191.6063732,109789974.949989,17970003.3723264,"2_122_12"
"28","2020-04-19",1324.52,1499947.41799747,-2429713.0120626,0,8921049.30959439,0.964800549675054,1455.96650053579,2619.46288812002,10268898.8369224,109789974.949989,18264258.9466409,"2_122_12"
"29","2020-04-26",1688.79,1506563.52686888,-2412617.9446689,0,9124385.65915091,0.227674689056229,3587.91762766238,2619.46288812002,10268759.8639925,109789974.949989,18493298.7135339,"2_122_12"
"30","2020-05-03",14732596.16,1513173.00272867,-2598424.84976218,0,8735730.08212881,60.7627461271936,6883.36005288878,2619.46288812002,10712721.8736552,109789974.949989,18372763.6944376,"2_122_12"
"31","2020-05-10",15541169.5,1519782.47858846,-2652044.46691426,0,8897884.43833463,278.412926365529,8475.75454102137,2619.46288812002,11125053.6672243,109789974.949989,18902049.7475886,"2_122_12"
"32","2020-05-17",16024383.67,1526391.95444825,-2007313.46559704,0,8869571.56051857,419.248406191166,8476.31695376743,2619.46288812002,11274177.5782229,109789974.949989,19674342.6558408,"2_122_12"
"33","2020-05-24",298070926.3,1532984.46906417,-525887.527541231,2847840.79909551,8972527.05867022,436.58320562187,8476.31695376743,308227.789491316,11274642.7359562,109789974.949989,24419248.2248956,"2_122_12"
"34","2020-05-31",308051668.1,1539576.98368009,1175075.90169547,0,9054890.78798416,19072.5387798451,8476.31695376743,1378407.05794443,11274642.7359572,109789974.949989,24450142.3229949,"2_122_12"
"35","2020-06-07",314923043.7,1546169.498296,2205286.44838086,0,8771765.09847304,71086.9346751241,4207.00441345133,2927696.4129409,11668379.5577443,109789974.949989,27194590.9549237,"2_122_12"
"36","2020-06-14",327659351.5,1552745.77553686,2254714.1964992,0,8975100.41847972,102372.415795332,1818.38436653617,4196012.06122222,12033018.6626609,109789974.949989,29115781.9145608,"2_122_12"
"37","2020-06-21",323526762.1,1559322.05277771,1896822.48762265,0,8933918.42512903,108801.052374831,536.793198376751,4615104.18183578,12164683.1812685,109789974.949989,29279188.1742068,"2_122_12"
"38","2020-06-28",276481175.9,1565898.33001857,1989669.94549783,-849015.483375652,9278817.6194411,89984.8045855504,71.3341713131724,4628722.41856222,12165093.7200727,109789974.949989,28869242.6889736,"2_122_12"
"39","2020-07-05",430608370.9,1572458.59782377,2816739.62539119,0,9392068.87331789,891014.406074884,107.976220878094,4632904.46708922,12167063.7299397,109789974.949989,31472357.6758576,"2_122_12"
"40","2020-07-12",434401710.2,1579018.86562898,3877743.11260328,0,9554222.19997388,2850299.58354679,320.687083212669,4636387.15143244,12168937.2949012,109789974.949989,34666928.8951698,"2_122_12"
"41","2020-07-19",432281508.5,1585566.25765947,4483258.63613756,0,9574813.71142414,3812915.48578412,742.724891449544,4643199.64628326,12169626.471371,109789974.949989,36270122.933551,"2_122_12"
"42","2020-07-26",658511352.4,1592113.64968997,4430271.09793757,0,9734393.67827063,4688663.29182076,5993.5398771844,4648753.40056198,12169628.6312954,109789974.949989,37269817.2894535,"2_122_12"
"43","2020-08-02",409350240.6,1598661.04172046,4046306.67318315,0,9798740.54288109,5165801.95313211,35728.2047427647,3091766.82828053,11915046.5606213,109789974.949989,35652051.8045615,"2_122_12"
"44","2020-08-09",446638042.6,1605196.69916776,3698935.13902516,0,9811609.65841573,5328276.31936486,92365.9856463028,1494659.07994991,11668317.0561866,109789974.949989,33699359.9377564,"2_122_12"
"45","2020-08-16",439431871.1,1611732.35661507,3450966.2479986,0,9873383.16321668,5355609.44780928,164276.626415665,373138.489028982,11576444.5258711,109789974.949989,32405550.8569554,"2_122_12"
"46","2020-08-23",438484282.8,1618268.01406237,3228561.47007626,0,10125622.6151022,5357326.23637656,214012.276269937,26045.0318692446,11576155.6572514,109789974.949989,32145991.301008,"2_122_12"
"47","2020-08-30",426700660.6,1624791.30782921,3139097.68095735,0,9963468.25889642,5357254.76592694,187403.217811078,2397.10191487858,11576155.6572508,109789974.949989,31850567.9905867,"2_122_12"
"48","2020-09-06",467858576.1,1631314.60159605,3397539.12723549,526082.783637824,9543927.47379858,5476172.44559159,146172.659576209,2608.23861386742,11688890.1850453,109789974.949989,32412707.5150949,"2_122_12"
"49","2020-09-13",454795389.4,1637827.48719734,3906557.10177552,0,9062612.15434995,5557346.31654415,74637.7425298246,2619.4627055173,11795291.7689515,109789974.949989,32036892.0340538,"2_122_12"
"50","2020-09-20",476726733.8,1644340.37279864,4090292.04003223,0,9240210.2728372,5584796.6608377,29065.6839676444,2619.46288812002,11834229.6828429,109789974.949989,32425554.1762044,"2_122_12"
"51","2020-09-27",463851577.8,1650853.25839993,3341315.9881481,0,9567091.31550851,5587328.25254209,11632.1695841924,2619.46288812002,11834351.5461335,109789974.949989,31995191.9932044,"2_122_12"
"52","2020-10-04",521614117.1,1657355.45866,1668895.62948734,0,9713803.1963702,5632742.89028945,6171.8624553106,2619.46288812002,11834351.5461337,109789974.949989,30515940.0462842,"2_122_12"
"53","2020-10-11",229153894.2,1663857.65892007,-194397.91176281,-372300.683301378,9888825.63856082,5027929.40293844,4147.59292311123,2619.46288812002,11886778.2126363,109789974.949989,27907459.3738027,"2_122_12"
"54","2020-10-18",107775008.9,1670359.85918013,-1407950.83682701,0,9847643.64521013,2240135.15784528,3505.29773051012,2619.46288812002,11936457.4411346,109789974.949989,24292770.0271618,"2_122_12"
"55","2020-10-25",79028066.41,1676861.75598696,-1731889.81548244,0,9819332.05433136,177907.390270613,2640.29064349124,2619.46288812002,11954687.0735055,109789974.949989,21902158.2121436,"2_122_12"
"56","2020-11-01",80045288.67,1683363.65279378,-1605527.85463147,0,9484727.32880712,8054.51070774565,1701.5257742264,2619.46288812002,11930694.6088836,109789974.949989,21505633.2352231,"2_122_12"
"57","2020-11-08",3940610.98,1689864.97524003,-1588609.02362266,-575914.102527697,9366329.35531133,436.67687006627,833.452463426302,2619.46288812002,11907778.7228097,109789974.949989,20803339.5194323,"2_122_12"
"58","2020-11-15",4121432.76,1696366.29768628,-1828124.74707972,0,9407511.34866203,44.6479771650329,468.853014015096,2619.46288812002,11899338.5783775,109789974.949989,21178224.4415254,"2_122_12"
"59","2020-11-22",101570.51,1702867.62013254,-2081179.71562301,43628.0082438319,9283965.6259974,16.2428018355637,1048.5223476165,2619.46288812002,11899312.1173579,109789974.949989,20852277.8841462,"2_122_12"
"60","2020-11-29",8557029.85,1709368.94078974,-2127827.7060212,0,9420380.46419666,16.8833260368946,28746.9829187399,2619.46288812002,11899312.1173578,109789974.949989,20932617.1454559,"2_122_12"
"61","2020-12-06",7991773.83,1715870.26144694,-2016725.49086049,0,9253079.38837183,23.0060705651042,109656.398342209,2619.46288812002,12142361.4550619,109789974.949989,21206884.481321,"2_122_12"
"62","2020-12-13",9361922.85,1722371.58210414,-1908685.22676217,0,9332868.72832643,21.4550153712726,218579.312228646,2619.46288812002,12369334.4628807,109789974.949989,21737109.7766812,"2_122_12"
"63","2020-12-20",9594209.12,1728872.90105976,-1822812.34115323,-240412.284373895,9402363.59949319,18.4969887396437,302704.833582788,2619.46288812002,12451790.0575496,109789974.949989,21825144.7260351,"2_122_12"
"64","2020-12-27",9373672.97,1735374.22001537,-1651245.28969427,-322460.541282049,9518188.21317948,17.0904235513544,327408.515295637,2619.46288812002,12452047.5998997,109789974.949989,22061949.2707255,"2_122_12"
"65","2021-01-03",108552561.5,1741875.53951992,-1382513.39873623,0,9389494.48395856,41446.8061063612,354623.376975794,2619.46288812002,12220807.6868452,109789974.949989,22368353.9575577,"2_122_12"
"66","2021-01-10",126812036.4,1748376.85902447,-1179272.42303775,0,8820668.20080208,201547.623662893,375146.913288866,2619.46288812002,11996828.9235625,109789974.949989,21965915.5601912,"2_122_12"
"67","2021-01-17",161617871.4,1754878.17852902,-1181863.63513876,63272.9278005072,8923622.6694039,315418.589424175,400684.872961571,2619.46288812002,11913453.8006635,109789974.949989,22192086.866532,"2_122_12"
"68","2021-01-24",138491001.1,1761379.49456451,-1314323.05978485,0,9420380.46419666,334550.991389579,398967.736161416,2619.46288812002,11913191.6688871,109789974.949989,22516766.7583026,"2_122_12"
"69","2021-01-31",129906901.8,1767880.8106,-1379993.31448393,0,9016282.41183042,339572.865643669,385397.715690856,2619.46288812002,11913191.6688866,109789974.949989,22044951.6210557,"2_122_12"
"70","2021-02-07",142642873.6,1774382.1266355,-1331844.36826481,0,9124385.65915091,341801.254357445,363842.086822046,2619.46288812002,11846745.5429803,109789974.949989,22121931.7645695,"2_122_12"
"71","2021-02-14",140125960.3,1780883.44267099,-1345576.066788,-140135.386267506,8990543.92337369,259088.465224263,336888.586624067,2619.46288812002,11783240.227422,109789974.949989,21667552.6551476,"2_122_12"
"72","2021-02-21",97489595.67,1787384.75870648,-1578710.64053398,0,9157846.28613581,148780.905433627,313421.495045365,2619.46288812002,11759803.9768479,109789974.949989,21591146.2445234,"2_122_12"
"73","2021-02-28",86607398.28,1793886.07474197,-1932056.78957866,0,9209323.0056618,100795.644172951,303457.495947258,2619.46288812002,11759730.4617084,109789974.949989,21237755.3555418,"2_122_12"
"74","2021-03-07",37962702.24,1800387.39077746,-2146951.44377326,0,9572239.32206481,32632.6758217206,233527.051574737,2619.46288812002,11717007.8018449,109789974.949989,21211462.2611985,"2_122_12"
"75","2021-03-14",3438460.58,1806888.70681295,-2127745.04260885,0,9778150.06098066,2593.15041097361,156115.566559331,2619.46288812002,11676249.2242337,109789974.949989,21294871.1292769,"2_122_12"
"76","2021-03-21",2895546.44,1813390.02284844,-2062681.77566128,0,9927434.27210202,44.2558277680484,90190.9423877591,2619.46288812002,11661225.2992348,109789974.949989,21432222.4796276,"2_122_12"
"77","2021-03-28",2545133.94,1819891.33888393,-2170199.67975547,0,10032963.1300632,0.276306745180527,42408.3016135594,2619.46288812002,11661178.1869254,109789974.949989,21388861.0169255,"2_122_12"
"78","2021-04-04",3319059.77,1826392.65491942,-2403836.06586535,0,9754985.1897209,0.0383438763115152,21136.3045775203,2619.46288812002,11767150.1415835,109789974.949989,20968447.7261679,"2_122_12"
"79","2021-04-11",2381882.16,1832893.97095491,-2523369.63939391,0,9713803.1963702,0.0348079749378523,13404.6865323654,2619.46288812002,11867202.640495,109789974.949989,20906554.3526547,"2_122_12"
"80","2021-04-18",2634096.81,1839395.2869904,-2449131.16003422,0,9958320.50972758,0.153521088484879,7719.81094425638,2619.46288812002,11903825.6025862,109789974.949989,21262749.6666235,"2_122_12"
"81","2021-04-25",2775396.17,1845896.60302589,-2399218.58820249,0,9690638.32511043,0.339501799551952,4186.88310933506,2619.46288812002,11903940.2281412,109789974.949989,21048063.2535743,"2_122_12"
"82","2021-05-02",2606033,1852397.91906138,-2559070.3683896,0,9924860.65490505,0.434168867656251,3041.73216595517,2619.46288812002,12133086.135923,109789974.949989,21356935.9707228,"2_122_12"
"83","2021-05-09",44078.7,1858899.23509687,-2679060.6507378,0,9935155.38108035,0.44519155113794,3905.73488209788,2619.46288812002,12347305.6848911,109789974.949989,21468825.2932923,"2_122_12"
"84","2019-10-13",15703190.71,1301941.32998615,-452089.815891873,-352635.80457079,7001224.08232348,176.199683137651,241.508848164501,667.816594018364,2728512.11149321,115756670.250426,10228037.4284655,"5_37_15"
"85","2019-10-20",16903252.55,1308467.78149077,-1447842.6455798,0,6799785.35434084,1309.95610916704,339.472650247555,1666.73517228341,3682518.19665508,115756670.250426,10346244.8508386,"5_37_15"
"86","2019-10-27",17041206.68,1314994.23299539,-1636252.79391131,0,6868569.06458037,2939.12206744375,391.072493242679,2810.09101486661,4404772.29069401,115756670.250426,10958223.079934,"5_37_15"
"87","2019-11-03",44838814.19,1321520.68605218,-1502898.21941751,0,6934896.69628042,120181.918030849,444.67654793048,3708.1358570982,4954357.03596246,115756670.250426,11832210.9293134,"5_37_15"
"88","2019-11-10",34654156.8,1328047.13910897,-1534407.37196434,-545494.386708171,7082290.88748723,360331.497596187,465.280930842998,4202.30666976144,5348578.92762642,115756670.250426,12044014.2807469,"5_37_15"
"89","2019-11-17",36825456.94,1334573.58897793,-1785996.9145035,0,7281272.79995944,507473.664218863,181.960727557689,4393.65762392085,5580545.60949328,115756670.250426,12922444.3664975,"5_37_15"
"90","2019-11-24",39523546.72,1341100.03884688,-1999941.69793798,41323.5819296917,7200205.99479569,550554.467932552,3450.46324078891,4445.47508090339,5660078.5445142,115756670.250426,12801216.8684027,"5_37_15"
"91","2019-12-01",58638124.42,1347626.48871584,-2007317.38063485,0,7273903.58171307,559553.001776224,11657.0888362456,4455.10470253305,5668269.97242064,115756670.250426,12858147.8575297,"5_37_15"
"92","2019-12-08",34595451,1354152.93813393,-1892758.8104605,0,7239511.11245084,565125.031686533,16155.1367901175,4456.29667425958,5669198.44994396,115756670.250426,12955840.1552191,"5_37_15"
"93","2019-12-15",38934322.21,1360679.38755201,-1798167.8253165,0,8639755.68325855,568075.765624874,5801.12940998029,4456.39151789096,5669519.26566955,115756670.250426,14450119.7977164,"5_37_15"
"94","2019-12-22",45290872.74,1367205.83697009,-1709921.39831628,-227713.735513781,8742932.10841729,567965.103506843,721.856227765932,4456.39619235812,5669050.38845429,115756670.250426,14414696.5559386,"5_37_15"
"95","2019-12-29",64776493.72,1373732.28215135,-1525889.22231227,-305428.213048103,8453056.86571056,558942.448444517,3534.71118026997,4456.39632988887,5668187.57149105,115756670.250426,14230592.8399473,"5_37_15"
"96","2020-01-05",64894467.84,1380258.7273326,-1267703.09666144,0,8308119.2443572,605810.233158348,11870.1455431406,4456.39633221801,5687500.83522541,115756670.250426,14730312.4852875,"5_37_15"
"97","2020-01-12",24732351.93,1386785.17414814,-1104575.39801344,0,8197573.35529511,246800.075689604,5695.43932670791,4456.39633223992,5706837.47081945,115756670.250426,14443572.5135978,"5_37_15"
"98","2020-01-19",26557621.63,1393311.62096368,-1140621.04685309,59930.8591234024,8168094.76271073,82873.1641044006,651.728650473799,4456.39633224003,5726286.11194699,115756670.250426,14294983.5969788,"5_37_15"
"99","2020-01-26",26292907.18,1399838.06777923,-1267873.79546986,0,8222139.54514355,46060.9541569793,56.780560943278,4456.39633224003,5745603.65132488,115756670.250426,14150281.599828,"5_37_15"
"100","2020-02-02",28287255.18,1406364.51125124,-1307028.20834752,0,8173007.90241763,43207.5658478238,56.6719787378488,4456.39633224003,5758235.30309552,115756670.250426,14078300.1425757,"5_37_15"
"101","2020-02-09",32890363.52,1412890.95472325,-1255914.67818779,0,8111593.65608145,43352.4163386222,67.0773077309065,4456.39633224003,5768779.1194447,115756670.250426,14085224.9420402,"5_37_15"
"102","2020-02-16",5841619.91,1419417.39819526,-1300557.88128314,-132733.451486248,7720999.04938341,19138.9815239656,78.0351845939737,4456.39633224003,5774191.27058556,115756670.250426,13504989.7984356,"5_37_15"
"103","2020-02-23",5115095.26,1425943.83779453,-1556851.74228879,0,7210032.51986646,6978.67955158407,82.2796185679121,4456.39633224003,5772460.5327733,115756670.250426,12863102.5036479,"5_37_15"
"104","2020-03-01",3178917.26,1432470.2773938,-1886405.22024231,0,7116682.6197785,3210.12822852559,248.22838752699,4456.39633224003,5762024.25884158,115756670.250426,12432686.6887199,"5_37_15"
"105","2020-03-08",36760762.07,1438996.71410796,-2048890.03178771,0,6934896.69628042,3300.75752413614,333.067081588164,4456.39633224003,5751754.63005924,115756670.250426,12084848.2295979,"5_37_15"
"106","2020-03-15",44275947.01,1445523.15082213,-2004243.3504022,0,7846284.35756618,3233.2592558062,279.979814179625,4456.39633224003,5743033.99669735,115756670.250426,13038567.7900857,"5_37_15"
"107","2020-03-22",52300359.72,1452049.58753629,-1961394.37468744,0,6907874.67354949,2448.89941192635,233.882886622716,4456.39633224003,5736576.61060702,115756670.250426,12142245.6756362,"5_37_15"
"108","2020-03-29",31399641.03,1458575.28532708,-2096755.14823371,0,7848740.92741963,1670.25000353615,233.864975319052,4456.39633224003,5731441.63586944,115756670.250426,12948363.2116935,"5_37_15"
"109","2020-04-05",32570266.98,1465100.98311786,-2316179.82819491,0,8074744.86262277,1345.40715977422,159.049622032155,4456.39633224003,5720511.33680654,115756670.250426,12950138.2074663,"5_37_15"
"110","2020-04-12",928.58,1471626.68090865,-2393282.20375426,0,8286010.11567618,451.99132022094,3651.75443340176,4456.39633224003,5710911.73647645,115756670.250426,13083826.4713929,"5_37_15"
"111","2020-04-19",1324.52,1478146.62881268,-2306436.28694854,0,8514471.11204673,112.309127991705,11870.2327079434,4456.39633224003,5703246.84566952,115756670.250426,13405867.2377486,"5_37_15"
"112","2020-04-26",1688.79,1484666.57671672,-2290208.57463482,0,8708540.37612602,44.8186588037597,16155.238103344,4456.39633224003,5696626.69038341,115756670.250426,13620281.5216857,"5_37_15"
"113","2020-05-03",14732596.16,1491179.98801577,-2466588.16602901,0,8337597.83694158,1833.18432952366,16157.1124535285,4456.39633224003,5713417.85840088,115756670.250426,13098054.2104445,"5_37_15"
"114","2020-05-10",15541169.5,1497693.39931482,-2517487.2763675,0,8492361.98336571,4810.04367136531,16157.1124535285,4456.39633224003,5730712.88160742,115756670.250426,13228704.5403776,"5_37_15"
"115","2020-05-17",16024383.67,1504206.81061387,-1905468.09164232,0,8465339.46932081,6255.56455262438,16157.1124535285,4456.39633224003,5749518.9043975,115756670.250426,13840466.1660283,"5_37_15"
"116","2020-05-24",298070926.3,1510703.50719003,-499205.490670309,2697418.17977171,8563602.75477266,6470.64798824555,16157.1124535285,399247.303940851,5770382.3690574,115756670.250426,18464776.3845041,"5_37_15"
"117","2020-05-31",308051668.1,1517200.20376618,1115455.89381705,0,8642212.74442597,81822.0869270361,16157.1124535285,1529757.94666477,5791627.32279221,115756670.250426,18694233.3108467,"5_37_15"
"118","2020-06-07",314923043.7,1523696.90034234,2093396.48856045,0,8371990.55186079,187878.794666946,5388.57329451288,2825400.6174821,5830700.17341503,115756670.250426,20838452.0996222,"5_37_15"
"119","2020-06-14",327659351.5,1530177.59554343,2140316.4133731,0,8566058.83331213,237109.766839273,726.151856116984,3761530.76779,5863242.11541799,115756670.250426,22099161.644132,"5_37_15"
"120","2020-06-21",323526762.1,1536658.29074452,1800583.11151694,0,8526753.71565698,248458.418415762,179.119547297391,4283291.21742739,5887353.01128242,115756670.250426,22283276.8845913,"5_37_15"
"121","2020-06-28",276481175.9,1543138.98594562,1888719.75355289,-804170.58442751,8855934.07601886,218483.693735184,233.841094670533,4518606.97000116,5906967.65769243,115756670.250426,22127914.3936133,"5_37_15"
"122","2020-07-05",430608370.9,1549603.90439811,2673826.27110065,0,8964023.88654148,1041192.717068,1222.16176224093,4603371.34428335,5925518.88244042,115756670.250426,24758759.1675942,"5_37_15"
"123","2020-07-12",434401710.2,1556068.82285059,3680997.46018176,0,9118787.05033767,2480524.85183496,3095.09669549432,4627102.32614206,5941887.06576083,115756670.250426,27408462.6738034,"5_37_15"
"124","2020-07-19",432281508.5,1562521.05266963,4255790.84888923,0,9138440.10047922,3264857.38445242,4655.75870299151,4637279.82192021,5953119.08492334,115756670.250426,28816664.052037,"5_37_15"
"125","2020-07-26",658511352.4,1568973.28248867,4205491.74761521,0,9290747.18573594,4217295.6032592,25346.8892741327,4643071.92289193,5957291.46861346,115756670.250426,29908218.0998785,"5_37_15"
"126","2020-08-02",409350240.6,1575425.5123077,3841008.58530168,0,9352161.43207211,4856832.92648729,110225.947891557,3253669.74048472,5945233.22774649,115756670.250426,28934557.3722915,"5_37_15"
"127","2020-08-09",446638042.6,1581866.17809831,3511261.69443129,0,9364444.03568235,5107167.94856659,190864.591903891,1762209.65046038,5932682.00420821,115756670.250426,27450496.103351,"5_37_15"
"128","2020-08-16",439431871.1,1588306.84388891,3275874.03940427,0,9423402.20347905,5157134.67982127,218092.206446471,658184.488981848,5920001.32222434,115756670.250426,26240995.7842462,"5_37_15"
"129","2020-08-23",438484282.8,1594747.50967952,3064753.44711862,0,9664145.80345985,5161380.72221304,218228.583652127,171600.499786618,5907231.40555117,115756670.250426,25782087.9714609,"5_37_15"
"130","2020-08-30",426700660.6,1601175.99148796,2979828.7961136,0,9509381.65703572,5161351.94053049,150101.975938945,38034.9416130295,5894680.97268959,115756670.250426,25334556.2754093,"5_37_15"
"131","2020-09-06",467858576.1,1607604.4732964,3225157.65873567,498295.152278272,9108961.50789484,5375523.15264074,90695.9011160481,10844.8873565961,5889018.1152068,115756670.250426,25806100.8485254,"5_37_15"
"132","2020-09-13",454795389.4,1614022.69821541,3708349.50952612,0,8649582.20832933,5521948.50356371,33384.9582089208,5633.84964398047,5886834.52777265,115756670.250426,25419756.2552601,"5_37_15"
"133","2020-09-20",476726733.8,1620440.92313442,3882762.25978578,0,8819086.26518811,5573499.56251795,12460.0149272294,4631.63623792143,5889577.94094984,115756670.250426,25802458.6027412,"5_37_15"
"134","2020-09-27",463851577.8,1626859.14805343,3171787.12175722,0,9131069.65394792,5580049.41350065,8878.82294106267,4473.6982312256,5894882.51787282,115756670.250426,25418000.3763043,"5_37_15"
"135","2020-10-04",521614117.1,1633266.8429359,1584220.61365668,0,9271095.11822233,5673150.29810652,12661.2541725856,4457.31911783718,5900286.2784501,115756670.250426,24079137.724662,"5_37_15"
"136","2020-10-11",229153894.2,1639674.53781837,-184534.714828787,-352635.80457079,9438140.88562877,4620437.31146723,10060.8155942893,4456.40680527182,5907714.5670925,115756670.250426,21083314.0050069,"5_37_15"
"137","2020-10-18",107775008.9,1646082.23270085,-1336515.41732522,0,9398835.76797363,1959832.83565908,5883.25464753403,4456.39488021221,5913631.49144839,115756670.250426,17592206.5599845,"5_37_15"
"138","2020-10-25",79028066.41,1652489.62854058,-1644018.653888,0,9371814.48221365,344136.292379061,4074.12162016363,4456.39625386369,5917448.43211808,115756670.250426,15650400.6992374,"5_37_15"
"139","2020-11-01",80045288.67,1658897.02438031,-1524067.93940043,0,9052459.41863762,47901.5210361438,3887.46487654483,4456.39633055293,5918951.47143747,115756670.250426,15162485.3572982,"5_37_15"
"140","2020-11-08",3940610.98,1665303.85420744,-1508007.52173887,-545494.386708171,8939457.45103605,6616.23629928795,2002.58040369886,4456.39633222222,5920271.16099579,115756670.250426,14484605.7708275,"5_37_15"
"141","2020-11-15",4121432.76,1671710.68403457,-1735370.89886756,0,8978762.5686912,1454.58886409647,771.378168129333,4456.39633223993,5921317.63999825,115756670.250426,14843102.3572209,"5_37_15"
"142","2020-11-22",101570.51,1678117.5138617,-1975586.57830923,41323.5819296917,8860847.46138274,758.831190734657,4457.61753817333,4456.39633224003,5921674.35828332,115756670.250426,14536049.1822094,"5_37_15"
"143","2020-11-29",8557029.85,1684524.34192578,-2019867.78239937,0,8991045.17230145,749.449405107695,110677.172239646,4456.39633224003,5921083.27841578,115756670.250426,14692668.0282206,"5_37_15"
"144","2020-12-06",7991773.83,1690931.16998986,-1914402.57752338,0,8831368.86879836,924.669389709964,265633.607407719,4456.39633224003,5932248.54908114,115756670.250426,14811160.6834757,"5_37_15"
"145","2020-12-13",9361922.85,1697337.99805395,-1811843.96902487,0,8907521.79728426,874.636938954659,319472.448142888,4456.39633224003,5943596.03126832,115756670.250426,15061415.3389957,"5_37_15"
"146","2020-12-20",9594209.12,1703744.82444117,-1730328.02930271,-227713.735513781,8973849.42898431,795.176907150935,319493.926691198,4456.39633224003,5955297.55432628,115756670.250426,14999595.5428659,"5_37_15"
"147","2020-12-27",9373672.97,1710151.6508284,-1567465.80188524,-305428.213048103,9084395.3180464,757.196377945742,319493.926691198,4456.39633224003,5967090.45675054,115756670.250426,15213450.9300934,"5_37_15"
"148","2021-01-03",108552561.5,1716558.47775658,-1312368.60246754,0,8961566.82537406,137964.932865647,379837.639208497,4456.39633224003,5967012.34602463,115756670.250426,15855028.0150941,"5_37_15"
"149","2021-01-10",126812036.4,1722965.30468477,-1119439.49560654,0,8418664.88776231,373430.667804928,425940.504523892,4456.39633224003,5965696.55251848,115756670.250426,15791714.8180201,"5_37_15"
"150","2021-01-17",161617871.4,1729372.13161295,-1121899.23697816,59930.8591234024,8516927.19058621,498662.603304919,456710.170215849,4456.39633224003,5961212.47679035,115756670.250426,16105372.5909878,"5_37_15"
"151","2021-01-24",138491001.1,1735778.95512249,-1247638.04729664,0,8991045.17230145,521708.512332662,406815.613757783,4456.39633224003,5952265.97712809,115756670.250426,16364432.5796781,"5_37_15"
"152","2021-01-31",129906901.8,1742185.77863204,-1309976.38011996,0,8605363.95096728,527370.639515595,343823.472430231,4456.39633224003,5941187.2943516,115756670.250426,15854411.152109,"5_37_15"
"153","2021-02-07",142642873.6,1748592.60214158,-1264270.37443666,0,8708540.37612602,529725.687829657,316273.780109324,4456.39633224003,5927736.19184802,115756670.250426,15971054.6599502,"5_37_15"
"154","2021-02-14",140125960.3,1754999.42565113,-1277305.36564677,-132733.451486248,8580798.4980898,438406.769791673,316262.416453888,4456.39633224003,5917353.9029147,115756670.250426,15602238.5921004,"5_37_15"
"155","2021-02-21",97489595.67,1761406.24916067,-1498611.35444482,0,8740476.02987782,303661.009741759,292578.376791458,4456.39633224003,5911421.95081772,115756670.250426,15515388.6582768,"5_37_15"
"156","2021-02-28",86607398.28,1767813.07267021,-1834029.72524177,0,8789606.68997579,236870.465040355,272814.701686182,4456.39633224003,5907868.4225498,115756670.250426,15145400.0230128,"5_37_15"
"157","2021-03-07",37962702.24,1774219.89617976,-2038021.23610952,0,9135983.0393118,110469.194028138,159460.751301697,4456.39633224003,5902519.65847141,115756670.250426,15049087.6995155,"5_37_15"
"158","2021-03-14",3438460.58,1780626.7196893,-2019789.31309336,0,9332509.3645585,20423.5472632484,68644.182721829,4456.39633224003,5897504.20882799,115756670.250426,15084375.1062998,"5_37_15"
"159","2021-03-21",2895546.44,1787033.54319885,-1958027.17119007,0,9474989.92474445,1504.6145275571,42348.644677276,4456.39633224003,5893370.90147489,115756670.250426,15245676.8537652,"5_37_15"
"160","2021-03-28",2545133.94,1793440.36670839,-2060089.92274482,0,9575709.28873577,62.6805792173542,40180.868852804,4456.39633224003,5890504.82338582,115756670.250426,15244264.5018494,"5_37_15"
"161","2021-04-04",3319059.77,1799847.19021794,-2281872.26337521,0,9310400.23587748,14.0480328251799,24402.5444017373,4456.39633224003,5893658.18816604,115756670.250426,14750906.3396531,"5_37_15"
"162","2021-04-11",2381882.16,1806254.01372748,-2395341.04348469,0,9271095.11822233,12.4508243052253,11856.4600842381,4456.39633224003,5897096.75031257,115756670.250426,14595430.1460185,"5_37_15"
"163","2021-04-18",2634096.81,1812660.83723702,-2324869.21334138,0,9504468.51732882,33.9268918135747,7731.38192196238,4456.39633224003,5901094.90675409,115756670.250426,14905576.7531246,"5_37_15"
"164","2021-04-25",2775396.17,1819067.66074657,-2277489.06339112,0,9248985.98954131,56.2814834084157,7303.40068366496,4456.39633224003,5905860.08132746,115756670.250426,14708240.7467235,"5_37_15"
"165","2021-05-02",2606033,1825474.48425611,-2429230.4190683,0,9472533.60054799,65.9041336339283,7303.22938713706,4456.39633224003,5922413.92065037,115756670.250426,14803017.1162392,"5_37_15"
"166","2021-05-09",44078.7,1831881.30776566,-2543132.73589138,0,9482359.14299082,67.2967969872525,10687.5664404865,4456.39633224003,5938295.6936446,115756670.250426,14724614.6680794,"5_37_15"
"167","2019-10-13",15703190.71,1255237.55082246,-447467.829199757,-345166.603209725,6908878.76836527,1.61067424536403,36.5711584346858,5910.48237304626,38401487.8607138,79723507.3692281,45778918.4116978,"8_54_15"
"168","2019-10-20",16903252.55,1261529.88275289,-1433040.47750409,0,6710096.99327546,43.7628921301502,73.6422899348607,5910.48237304626,40291883.3452032,79723507.3692281,46836497.6312825,"8_54_15"
"169","2019-10-27",17041206.68,1267822.21468332,-1619524.39532203,0,6777973.45454787,102.1592545985,104.295827158516,5910.48237304626,40923484.8025416,79723507.3692281,47355873.0139055,"8_54_15"
"170","2019-11-03",44838814.19,1274114.54811024,-1487533.18502484,0,6843426.23266497,51833.7327017169,120.293110376577,5910.48237304626,41152744.869493,79723507.3692281,47840616.9734285,"8_54_15"
"171","2019-11-10",34654156.8,1280406.88153716,-1518720.20051255,-533940.235476668,6988876.31199897,165213.740887683,130.479903578019,5910.48237304626,41225364.9666317,79723507.3692281,47613242.4273429,"8_54_15"
"172","2019-11-17",36825456.94,1286699.21189061,-1767737.59150878,0,7185233.67668308,190038.231878142,58.0339057714391,5910.48237304626,41247045.6087532,79723507.3692281,48147247.6539751,"8_54_15"
"173","2019-11-24",39523546.72,1292991.54224405,-1979495.08846362,40448.3045177199,7105236.13304938,196336.363979612,1029.31636439976,5910.48237304626,41253121.5737276,79723507.3692281,47915578.6277922,"8_54_15"
"174","2019-12-01",58638124.42,1299283.8725975,-1986795.36511047,0,7177961.65754998,198007.307746642,3570.32736755635,5910.48237304626,41237438.2473116,79723507.3692281,47935376.5298359,"8_54_15"
"175","2019-12-08",34595451,1305576.20251624,-1873407.99625099,0,7144022.82087178,201045.913641323,6687.48011253394,5910.48237304626,41227853.4254495,79723507.3692281,48017688.3287135,"8_54_15"
"176","2019-12-15",38934322.21,1311868.53243499,-1779784.07176432,0,8525798.33212804,202171.104734581,3250.44469040383,5910.48237304626,41223467.4150681,79723507.3692281,49492682.2396648,"8_54_15"
"177","2019-12-22",45290872.74,1318160.86235373,-1692439.84117925,-222890.516427157,8627613.87249544,201249.550065681,831.829020967291,5910.48237304626,41221839.4252152,79723507.3692281,49460275.6639177,"8_54_15"
"178","2019-12-29",64776493.72,1324453.18818763,-1510289.13703882,-298958.918679701,8341562.04980523,194145.181583441,1508.48569396988,5910.48237304626,41221331.4546741,79723507.3692281,49279662.7865989,"8_54_15"
"179","2020-01-05",64894467.84,1330745.51402153,-1254742.60377627,0,8198536.13846012,236532.584449659,3714.16505144633,5910.48237304626,41589882.648114,79723507.3692281,50110578.9286935,"8_54_15"
"180","2020-01-12",24732351.93,1337037.84143109,-1093282.65791934,0,8089448.33654282,19540.2910416803,2384.11838287133,5910.48237304626,41797638.0837969,79723507.3692281,50158676.4956491,"8_54_15"
"181","2020-01-19",26557621.63,1343330.16884065,-1128959.79036382,58661.4597920465,8060358.56309282,3347.2052410172,740.869892149971,5910.48237304626,41889675.6601485,79723507.3692281,50233064.6190164,"8_54_15"
"182","2020-01-26",26292907.18,1349622.49625022,-1254911.55742788,0,8113690.50126542,3941.10367186216,96.0632817011645,5910.48237304626,41923368.2400394,79723507.3692281,50141717.3294537,"8_54_15"
"183","2020-02-02",28287255.18,1355914.82043619,-1293665.67114175,0,8065206.89907062,3997.75541372041,16.5349706027666,5910.48237304626,41822930.2611668,79723507.3692281,49960311.0822892,"8_54_15"
"184","2020-02-09",32890363.52,1362207.14462216,-1243074.70541034,0,8004602.69934812,3980.40899435217,13.7944818805272,5910.48237304626,41761394.718454,79723507.3692281,49895034.5428632,"8_54_15"
"185","2020-02-16",5841619.91,1368499.46880813,-1287261.49413105,-129922.015824725,7619159.989113,486.386192226506,15.7603638362943,5910.48237304626,41733105.3220367,79723507.3692281,49309993.8989311,"8_54_15"
"186","2020-02-23",5115095.26,1374791.78926029,-1540935.10851047,0,7114933.04742178,93.7835891911675,17.3264247977809,5910.48237304626,41722574.7659565,79723507.3692281,48677386.0865151,"8_54_15"
"187","2020-03-01",3178917.26,1381084.10971244,-1867119.36261533,0,7022814.42142678,54.501997749627,53.0518787031989,5910.48237304626,41623271.4610125,79723507.3692281,48166068.6657858,"8_54_15"
"188","2020-03-08",36760762.07,1387376.42738299,-2027942.99399202,0,6843426.23266497,91.4636745857971,70.5074306245025,5910.48237304626,41566699.8692043,79723507.3692281,47775631.9887385,"8_54_15"
"189","2020-03-15",44275947.01,1393668.74505354,-1983752.76254181,0,7742792.7989637,78.8441950156955,76.052852333237,5910.48237304626,41541453.349861,79723507.3692281,48700227.5107568,"8_54_15"
"190","2020-03-22",52300359.72,1399961.06272408,-1941341.85773368,0,6816760.62720387,40.3074781204224,67.5469057555858,5910.48237304626,41532187.0241083,79723507.3692281,47813585.1930595,"8_54_15"
"191","2020-03-29",31399641.03,1406252.66797822,-2075318.75650115,0,7745216.9669526,22.1671187611287,61.4788591657678,5910.48237304626,41529312.3260104,79723507.3692281,48611457.332791,"8_54_15"
"192","2020-04-05",32570266.98,1412544.27323235,-2292500.12569742,0,7968239.93709781,19.0219018880396,42.5215187986995,5910.48237304626,41407659.6833887,79723507.3692281,48501915.7938151,"8_54_15"
"193","2020-04-12",928.58,1418835.87848648,-2368814.23719675,0,8176718.62656002,1.17584461920748,1029.63712979252,5910.48237304626,41337268.3093672,79723507.3692281,48570949.8725644,"8_54_15"
"194","2020-04-19",1324.52,1425121.94011618,-2282856.19854628,0,8402166.24952773,0.0963703414978138,3652.88817650992,5910.48237304626,41305634.8262969,79723507.3692281,48859630.2843145,"8_54_15"
"195","2020-04-26",1688.79,1431408.00174589,-2266794.39191706,0,8593675.76306764,0.0963703414978138,6752.03272704296,5910.48237304626,41293984.7201874,79723507.3692281,49064936.7045543,"8_54_15"
"196","2020-05-03",14732596.16,1437687.76125441,-2441370.74843285,0,8227625.91191013,96.25373393315,8187.59578162878,5910.48237304626,41717539.4734816,79723507.3692281,48955676.7301019,"8_54_15"
"197","2020-05-10",15541169.5,1443967.52076293,-2491749.48648611,0,8380348.73762763,226.073371615519,8373.17471420397,5910.48237304626,41956507.9837499,79723507.3692281,49303584.4861133,"8_54_15"
"198","2020-05-17",16024383.67,1450247.28027146,-1885987.34279057,0,8353682.64733293,226.073371615519,8377.49949253256,5910.48237304626,42062371.653561,79723507.3692281,49994828.293612,"8_54_15"
"199","2020-05-24",298070926.3,1456510.92465455,-494101.812035218,2640283.99408051,8450649.85172253,226.073371615519,8377.50972551666,2930112.20572954,42101129.4537968,79723507.3692281,57093188.2010458,"8_54_15"
"200","2020-05-31",308051668.1,1462774.56903765,1104051.91585596,0,8528222.98495054,25737.2285828315,8377.50972675139,3634441.29035717,42113152.0602234,79723507.3692281,56876757.5587343,"8_54_15"
"201","2020-06-07",314923043.7,1469038.21342075,2071994.43443021,0,8261564.99100512,55145.3528285587,3169.45557342108,3634441.29035717,42493570.864367,79723507.3692281,57988924.6019822,"8_54_15"
"202","2020-06-14",327659351.5,1475286.43043674,2118434.66856977,0,8453073.53487783,55145.3528285587,838.158938030217,3634441.29035717,42706704.7771897,79723507.3692281,58443924.2131978,"8_54_15"
"203","2020-06-21",323526762.1,1481534.64745274,1782174.66503809,0,8414286.84705543,57278.015444715,154.667932170252,3638827.6022136,42800902.904434,79723507.3692281,58175159.3495707,"8_54_15"
"204","2020-06-28",276481175.9,1487782.86446873,1869410.23305675,-787137.396231986,8739125.35756805,41801.3502976737,61.4346962815512,3640434.89372826,42835352.1658923,79723507.3692281,57826830.9034761,"8_54_15"
"205","2020-07-05",430608370.9,1494015.87068619,2646490.13344031,0,8845789.47633005,1003598.15682617,314.060674196463,3640434.89372826,42847933.1918703,79723507.3692281,60478575.7835554,"8_54_15"
"206","2020-07-12",434401710.2,1500248.87690365,3643364.40436715,0,8998511.33238036,2771543.13477836,839.063184876767,3640434.89372826,42851880.7405603,79723507.3692281,63406822.4459029,"8_54_15"
"207","2020-07-19",432281508.5,1506469.64965957,4212281.3337961,0,9017905.16112516,3152812.17317547,1597.6164020671,3646103.09938623,42853036.054863,79723507.3692281,64390205.0884076,"8_54_15"
"208","2020-07-26",658511352.4,1512690.4224155,4162496.47055299,0,9168203.33402016,4430353.68900351,10533.9520560214,3648177.64174337,42853352.976868,79723507.3692281,65785808.4866595,"8_54_15"
"209","2020-08-02",409350240.6,1518911.19517142,3801739.63930575,0,9228807.53374266,4988327.13022903,54494.1346751141,523401.457250005,42607764.6091613,79723507.3692281,62723445.6995353,"8_54_15"
"210","2020-08-09",446638042.6,1525120.81872854,3475363.94966086,0,9240928.13127037,5040729.10307799,114865.737536583,2814.38510792613,42463949.6171531,79723507.3692281,61863771.7425354,"8_54_15"
"211","2020-08-16",439431871.1,1531330.44228566,3242382.80451479,0,9299108.64783756,5040862.4390986,157203.93417665,5910.48237304626,42398945.8411268,79723507.3692281,61675744.5914131,"8_54_15"
"212","2020-08-23",438484282.8,1537540.06584277,3033420.62530034,0,9536676.86833298,5040609.19114042,170215.497318023,5910.48237304626,42374946.8980738,79723507.3692281,61699319.6283814,"8_54_15"
"213","2020-08-30",426700660.6,1543737.94248658,2949364.21019222,0,9383954.04261547,5040368.35458709,123944.044148045,5910.48237304626,42367481.5438164,79723507.3692281,61414760.6202189,"8_54_15"
"214","2020-09-06",467858576.1,1549935.81913039,3192184.92797587,487740.731027318,8988815.38767515,5355389.93189402,82360.2831740366,5910.48237304626,42473692.8728239,79723507.3692281,62136030.4360737,"8_54_15"
"215","2020-09-13",454795389.4,1556123.80682416,3670436.81722419,0,8535495.24650044,5454912.92111886,30727.9907416837,5910.48237304626,42535191.6733074,79723507.3692281,61788798.9380898,"8_54_15"
"216","2020-09-20",476726733.8,1562311.79451793,3843066.44080792,0,8702763.56498494,5452903.75420767,11779.6490302104,5910.48237304626,42562771.0965747,79723507.3692281,62141506.7824964,"8_54_15"
"217","2020-09-27",463851577.8,1568499.7822117,3139360.03016688,0,9010631.92990806,5453251.37035066,5742.97957742972,5910.48237304626,42572919.2294878,79723507.3692281,61756315.8040755,"8_54_15"
"218","2020-10-04",521614117.1,1574677.61760677,1568024.17140935,0,9148810.47494256,5582210.38471501,5837.65762761298,5910.48237304626,42576072.8851321,79723507.3692281,60461543.6738064,"8_54_15"
"219","2020-10-11",229153894.2,1580855.45300185,-182648.105207888,-345166.603209725,9313652.92852057,3801401.1383773,4737.87328912336,5910.48237304626,42627331.7631723,79723507.3692281,56806074.9303165,"8_54_15"
"220","2020-10-18",107775008.9,1587033.28839692,-1322851.4146082,0,9274866.24069817,360439.869655472,3240.76056143363,5910.48237304626,42656498.2284888,79723507.3692281,52565137.4555657,"8_54_15"
"221","2020-10-25",79028066.41,1593210.83547663,-1627210.86023118,0,9248201.36248746,5227.98513388311,2131.95285027458,5910.48237304626,42669502.0811591,79723507.3692281,51896973.8392492,"8_54_15"
"222","2020-11-01",80045288.67,1599388.38255635,-1508486.4742,0,8933058.55426325,982.422991888326,1683.64580554103,5910.48237304626,42651118.2172186,79723507.3692281,51683655.2310086,"8_54_15"
"223","2020-11-08",3940610.98,1605565.3839277,-1492590.25186886,-533940.235476668,8821547.06919065,37.72217208922,876.911722862945,5910.48237304626,42639235.3969103,79723507.3692281,51046642.4789512,"8_54_15"
"224","2020-11-15",4121432.76,1611742.38529905,-1717629.15614631,0,8860333.75701305,5.49058496152932,409.677676823523,5910.48237304626,42633636.4309952,79723507.3692281,51394409.0677958,"8_54_15"
"225","2020-11-22",101570.51,1617919.3866704,-1955388.96590326,40448.3045177199,8743973.93596265,8.95407953596184,1565.30271918403,5910.48237304626,42631522.4661004,79723507.3692281,51085959.8665196,"8_54_15"
"226","2020-11-29",8557029.85,1624096.38634194,-1999217.45655279,0,8872454.35454075,8.95407953596184,51558.1045434588,5910.48237304626,42630855.8691541,79723507.3692281,51185666.6944801,"8_54_15"
"227","2020-12-06",7991773.83,1630273.38601349,-1894830.48603707,0,8714884.16251264,13.7725319334156,153843.280124195,5910.48237304626,42864512.9549834,79723507.3692281,51474607.5525017,"8_54_15"
"228","2020-12-13",9361922.85,1636450.38568504,-1793320.39601205,0,8790032.64291815,10.4323015354981,231790.845169456,5910.48237304626,42997313.2134439,79723507.3692281,51868187.6058791,"8_54_15"
"229","2020-12-20",9594209.12,1642627.38373989,-1712637.84287669,-222890.516427157,8855485.42103525,8.78824600059864,258373.624608256,5910.48237304626,43056392.9229541,79723507.3692281,51883270.2636527,"8_54_15"
"230","2020-12-27",9373672.97,1648804.38179473,-1551440.65417788,-298958.918679701,8964573.22295255,8.78824600059864,261475.839288632,5910.48237304626,43078058.5524988,79723507.3692281,52108431.6942962,"8_54_15"
"231","2021-01-03",108552561.5,1654981.38037113,-1298951.46719368,0,8843364.82350755,70196.5126830435,303759.160175881,5910.48237304626,42860760.6503952,79723507.3692281,52440021.5423122,"8_54_15"
"232","2021-01-10",126812036.4,1661158.37894752,-1107994.79088318,0,8307623.69796063,166702.598361256,334800.181052951,5910.48237304626,42731622.3730831,79723507.3692281,52099822.9208953,"8_54_15"
"233","2021-01-17",161617871.4,1667335.37752392,-1110429.38483611,58661.4597920465,8404589.93268303,177020.281741947,366901.176637665,5910.48237304626,42672904.932929,79723507.3692281,52242894.2588445,"8_54_15"
"234","2021-01-24",138491001.1,1673512.37280431,-1234882.69150565,0,8872454.35454075,178408.981010477,340467.150494694,5910.48237304626,42651164.180934,79723507.3692281,52487034.8306517,"8_54_15"
"235","2021-01-31",129906901.8,1679689.3680847,-1296583.70197711,0,8491860.22270023,180333.472898708,304279.345296442,5910.48237304626,42644390.7158782,79723507.3692281,52009879.9052542,"8_54_15"
"236","2021-02-07",142642873.6,1685866.3633651,-1251344.97633993,0,8593675.76306764,181441.062657336,273212.690609351,5910.48237304626,42578632.0079339,79723507.3692281,52067393.3936665,"8_54_15"
"237","2021-02-14",140125960.3,1692043.35864549,-1264246.70297785,-129922.015824725,8467618.78522803,115474.526943519,260389.726908656,5910.48237304626,42541194.9702707,79723507.3692281,51688463.1315669,"8_54_15"
"238","2021-02-21",97489595.67,1698220.35392588,-1483290.14725675,0,8625190.18934014,56712.8113317072,242093.107080104,5910.48237304626,42524482.0732215,79723507.3692281,51669318.8700156,"8_54_15"
"239","2021-02-28",86607398.28,1704397.34920627,-1815279.33387034,0,8673672.82186774,45524.0566651776,228549.880549772,5910.48237304626,42518344.415209,79723507.3692281,51361119.6720006,"8_54_15"
"240","2021-03-07",37962702.24,1710574.34448666,-2017185.31656339,0,9015480.50830266,8041.86109937922,142043.683890665,5910.48237304626,42475373.3978899,79723507.3692281,51340238.9614789,"8_54_15"
"241","2021-03-14",3438460.58,1716751.33976706,-1999139.7894858,0,9209414.67466506,78.5266074705808,73487.3023305248,5910.48237304626,42451127.7891709,79723507.3692281,51457630.3254282,"8_54_15"
"242","2021-03-21",2895546.44,1722928.33504745,-1938009.07918729,0,9350015.93318767,0.0431087165206514,37350.6765219304,5910.48237304626,42440355.3086896,79723507.3692281,51618551.6997411,"8_54_15"
"243","2021-03-28",2545133.94,1729105.33032784,-2039028.38171296,0,9449406.82073257,0.0181667158912759,25729.2733057281,5910.48237304626,42436409.4268049,79723507.3692281,51607532.9699978,"8_54_15"
"244","2021-04-04",3319059.77,1735282.32560823,-2258543.30779229,0,9187597.16276496,0.0181667158912759,15649.6765785267,5910.48237304626,42536952.7570893,79723507.3692281,51222849.1147885,"8_54_15"
"245","2021-04-11",2381882.16,1741459.32088863,-2370852.02816762,0,9148810.47494256,0.0181667158912759,8431.09296669111,5910.48237304626,42594923.1699512,79723507.3692281,51128682.5311212,"8_54_15"
"246","2021-04-18",2634096.81,1747636.31616902,-2301100.67402188,0,9379105.70663767,0.140723719119357,4754.01174478828,5910.48237304626,42620889.8410007,79723507.3692281,51457195.824627,"8_54_15"
"247","2021-04-25",2775396.17,1753813.31144941,-2254204.91990369,0,9126992.96304246,0.232108001011796,3550.09470658474,5910.48237304626,42630441.1374226,79723507.3692281,51266503.3011984,"8_54_15"
"248","2021-05-02",2606033,1759990.3067298,-2404394.93223729,0,9347592.00761557,0.232108001011796,3335.32615433109,5910.48237304626,42853898.6933687,79723507.3692281,51566332.1161121,"8_54_15"
"249","2021-05-09",44078.7,1766167.30201019,-2517132.75701907,0,9357287.95232077,0.232108001011796,4777.79811039224,5910.48237304626,42980033.4473178,79723507.3692281,51597044.4572211,"8_54_15"
"250","2019-10-13",15703190.71,1450139.62977165,-528509.943277673,-412776.113144242,8129143.93876121,1.15122106120587,97.6239559251522,629.80080011481,11040969.2623253,105006370.382586,19679695.3504133,"9_85_10"
"251","2019-10-20",16903252.55,1457408.97882037,-1692582.33119188,0,7895252.77982141,31.7685800255304,141.159954165967,1740.40751384895,13649028.440522,105006370.382586,21311021.2040199,"9_85_10"
"252","2019-10-27",17041206.68,1464678.32786909,-1912840.85794322,0,7975117.76837261,74.1988895713537,169.611901654327,2338.98007272025,13711962.0408024,105006370.382586,21241500.0699648,"9_85_10"
"253","2019-11-03",44838814.19,1471947.67864667,-1756944.36099935,0,8052130.99618347,38298.1316170495,194.830042879925,2343.17448946783,13757849.0111524,105006370.382586,21565819.4611326,"9_85_10"
"254","2019-11-10",34654156.8,1479217.02942425,-1793779.74158054,-638525.781468682,8223270.86857844,123337.277766094,204.611319753376,2343.17448955027,13798934.845501,105006370.382586,21195002.2840299,"9_85_10"
"255","2019-11-17",36825456.94,1486486.37665113,-2087897.34870759,0,8454309.41107854,144419.55913192,65.1258797372308,2343.17448955027,13814028.8579417,105006370.382586,21813755.156465,"9_85_10"
"256","2019-11-24",39523546.72,1493755.72387801,-2338006.82116816,48371.1163445163,8360182.4812613,149683.825924725,2251.91052515207,2343.17448955027,13814412.994847,105006370.382586,21532994.4061021,"9_85_10"
"257","2019-12-01",58638124.42,1501025.07110489,-2346629.27074948,0,8445752.98792503,151006.650010408,8158.2685541276,2343.17448955027,13794089.9057859,105006370.382586,21555746.7871204,"9_85_10"
"258","2019-12-08",34595451,1508294.41782957,-2212706.00750282,0,8405819.78056663,153379.883911311,11598.3135037584,2343.17448955027,13775835.3465776,105006370.382586,21644564.9093756,"9_85_10"
"259","2019-12-15",38934322.21,1515563.76455425,-2102125.59972608,0,10031648.2830857,154246.551775556,3346.53853899729,2343.17448955027,13769115.799411,105006370.382586,23374138.512129,"9_85_10"
"260","2019-12-22",45290872.74,1522833.11127893,-1998962.21827203,-266549.197320845,10151446.7642285,153559.169057273,331.290299989303,2343.17448955027,13768944.6963704,105006370.382586,23333946.7901317,"9_85_10"
"261","2019-12-29",64776493.72,1530102.45328451,-1783821.70529838,-357517.498201969,9814871.68185169,148089.412150644,2361.45929775325,2343.17448955027,13768944.6796779,105006370.382586,23125373.6572517,"9_85_10"
"262","2020-01-05",64894467.84,1537371.79529009,-1481992.44521295,0,9646584.1406633,180791.064075699,8306.41396758584,2343.17448955027,14204444.4789498,105006370.382586,24097848.622223,"9_85_10"
"263","2020-01-12",24732351.93,1544641.13911599,-1291290.04996127,0,9518228.95113395,14990.1840380613,3199.37757712127,2343.17448955027,14587034.7510959,105006370.382586,24379147.5274893,"9_85_10"
"264","2020-01-19",26557621.63,1551910.48294188,-1333428.76477851,70151.7734889769,9484001.26188808,2667.70930444663,294.426304759595,2343.17448955027,14725792.5245366,105006370.382586,24503732.5881758,"9_85_10"
"265","2020-01-26",26292907.18,1559179.82676778,-1482191.99851935,0,9546752.83366602,2926.33638470841,22.6694302838329,2343.17448955027,14729311.1107274,105006370.382586,24358343.9529464,"9_85_10"
"266","2020-02-02",28287255.18,1566449.16686956,-1527964.97504222,0,9489705.92430124,2977.36780861863,18.5922680867948,2343.17448955027,14598167.4519627,105006370.382586,24131696.7026576,"9_85_10"
"267","2020-02-09",32890363.52,1573718.50697133,-1468211.3420785,0,9418397.64413667,2965.59463320624,22.7586967922324,2343.17448955027,14479664.1675236,105006370.382586,24008900.5043726,"9_85_10"
"268","2020-02-16",5841619.91,1580987.84707311,-1520400.92013637,-155370.491250597,8964876.98228999,368.009543446921,26.7928041268806,2343.17448955027,14435875.4097301,105006370.382586,23308706.8045433,"9_85_10"
"269","2020-02-23",5115095.26,1588257.18286131,-1820018.05191202,0,8371592.09132075,72.832404864013,28.3720378520205,2343.17448955027,14434759.2243798,105006370.382586,22577034.8255821,"9_85_10"
"270","2020-03-01",3178917.26,1595526.51864952,-2205278.42234654,0,8263203.22023748,40.3913286583268,105.608406901697,2343.17448955027,14321280.8246222,105006370.382586,21977221.3153878,"9_85_10"
"271","2020-03-08",36760762.07,1602795.85122421,-2395229.25847394,0,8052130.99618347,67.4238531256108,136.722872294492,2343.17448955027,14218862.7846942,105006370.382586,21481107.694843,"9_85_10"
"272","2020-03-15",44275947.01,1610065.1837989,-2343035.61416448,0,9110346.15905884,57.9219413988065,113.143624018593,2343.17448955027,14181046.5718783,105006370.382586,22560936.5406266,"9_85_10"
"273","2020-03-22",52300359.72,1617334.5163736,-2292943.55517872,0,8020755.63814418,29.9204693957115,94.3443370517241,2343.17448955027,14180082.8289441,105006370.382586,21527696.8675791,"9_85_10"
"274","2020-03-29",31399641.03,1624603.02591422,-2451185.37402578,0,9113198.49026542,16.4420597544346,93.5688547714348,2343.17448955027,14180082.734921,105006370.382586,22469152.062479,"9_85_10"
"275","2020-04-05",32570266.98,1631871.53545484,-2707701.05096319,0,9375612.39080481,14.0279127803798,58.6900161351528,2343.17448955027,14037469.9579971,105006370.382586,22339668.725712,"9_85_10"
"276","2020-04-12",928.58,1639140.04499546,-2797836.61850093,0,9620913.15980405,0.885052037780808,2384.48554549152,2343.17448955027,13908608.8187541,105006370.382586,22375553.9501398,"9_85_10"
"277","2020-04-19",1324.52,1646402.15014714,-2696310.48596831,0,9886179.96201626,0.0771097870608157,8312.92944710305,2343.17448955027,13860994.5032849,105006370.382586,22707922.3105264,"9_85_10"
"278","2020-04-26",1688.79,1653664.25529883,-2677339.68190909,0,10111514.4125694,0.0698124004308682,11606.2358108248,2343.17448955027,13859780.8185125,105006370.382586,22961569.2845845,"9_85_10"
"279","2020-05-03",14732596.16,1660919.07979223,-2883534.03658436,0,9680811.82990917,69.6808187723281,11753.4278022519,2343.17448955027,14365031.4550476,105006370.382586,22837394.6112752,"9_85_10"
"280","2020-05-10",15541169.5,1668173.90428564,-2943037.00473862,0,9860508.98115702,163.944686287526,11753.5264733454,2343.17448955027,14807130.8472864,105006370.382586,23407037.3736396,"9_85_10"
"281","2020-05-17",16024383.67,1675428.72877904,-2227563.63366557,0,9829133.05265149,167.12618600739,11753.5264734387,2343.17448955027,14967033.1029388,105006370.382586,24258295.0778527,"9_85_10"
"282","2020-05-24",298070926.3,1682664.93593423,-583589.933424135,3157449.63313068,9943226.87138104,167.12750565027,11753.5264734387,488937.582932402,14971084.7236613,105006370.382586,29671694.4675946,"9_85_10"
"283","2020-05-31",308051668.1,1689901.14308942,1304009.75745712,0,10034501.1847586,18981.8699294501,11753.5264734387,2172929.14424525,14971085.1188817,105006370.382586,30203161.7448349,"9_85_10"
"284","2020-06-07",314923043.7,1697137.35024461,2447258.97495417,0,9720745.3225007,40796.6044769645,3051.09918809956,4150710.51051897,15418397.9157075,105006370.382586,33478097.777591,"9_85_10"
"285","2020-06-14",327659351.5,1704355.73460889,2502110.12605211,0,9946078.63212138,41513.5778727164,341.788297547037,4826326.04308933,15809420.8368855,105006370.382586,34830146.7389274,"9_85_10"
"286","2020-06-21",323526762.1,1711574.11897316,2104949.15984163,0,9900441.33281606,43118.6279454643,78.0368089386814,4836768.41391896,15950786.3172799,105006370.382586,34547716.0075841,"9_85_10"
"287","2020-06-28",276481175.9,1718792.50333744,2207984.19855669,-941317.937209876,10282653.7144982,31480.4119682249,92.5449005968779,4843056.47234236,15954367.9068507,105006370.382586,34097109.8152443,"9_85_10"
"288","2020-07-05",430608370.9,1725993.31510619,3125803.15061054,0,10408157.1432872,804077.55533627,661.632048094774,4848729.72638664,15956610.6537602,105006370.382586,36870033.1765351,"9_85_10"
"289","2020-07-12",434401710.2,1733194.12687495,4303224.0287209,0,10587853.1536025,2552522.17931443,1793.07014928538,4850815.57487861,15958622.6326346,105006370.382586,39988024.7661754,"9_85_10"
"290","2020-07-19",432281508.5,1740380.8056795,4975179.04868274,0,10610672.3737214,3028406.97732071,2833.77828178147,4859024.28060827,15959362.7293722,105006370.382586,41175859.9936666,"9_85_10"
"291","2020-07-26",658511352.4,1747567.48448405,4916377.51361873,0,10787516.6232965,4791348.22862405,21018.8937085006,4867192.60129452,15959381.5711796,105006370.382586,43090402.9162059,"9_85_10"
"292","2020-08-02",409350240.6,1754754.1632886,4490283.03268031,0,10858824.903461,5699871.4165993,108026.782484146,2617377.98594091,15669645.0022849,105006370.382586,41198783.2867392,"9_85_10"
"293","2020-08-09",446638042.6,1761927.9617463,4104796.55529508,0,10873086.2742608,5806838.90761269,191018.885175733,732405.108530601,15404909.0186064,105006370.382586,38874982.7112276,"9_85_10"
"294","2020-08-16",439431871.1,1769101.760204,3829619.56206604,0,10941542.793685,5809536.28707679,220059.210925999,39991.4497716588,15306394.8818557,105006370.382586,37916245.9455852,"9_85_10"
"295","2020-08-23",438484282.8,1776275.5586617,3582811.67493521,0,11221070.9666971,5809053.97990394,220849.340354127,1862.7497014599,15303878.9197575,105006370.382586,37915803.190011,"9_85_10"
"296","2020-08-30",426700660.6,1783435.78625029,3483531.57415039,0,11041373.8154492,5808653.45233421,143349.641335705,2339.33494470698,15303878.6742867,105006370.382586,37566562.2787512,"9_85_10"
"297","2020-09-06",467858576.1,1790596.01383887,3770330.21174628,583276.948880422,10576444.6844756,6374448.87679629,83630.0920384046,2343.17448947481,15432005.1725184,105006370.382586,38613075.1747837,"9_85_10"
"298","2020-09-13",454795389.4,1797744.81700955,4335199.59981179,0,10043057.8931452,6561148.78897213,25785.9302817896,2343.17448955027,15546111.651356,105006370.382586,38311391.8550661,"9_85_10"
"299","2020-09-20",476726733.8,1804893.62018023,4539094.64346543,0,10239869.6020988,6562533.0296026,8804.47512021785,2343.17448955027,15587881.4709148,105006370.382586,38745420.0158716,"9_85_10"
"300","2020-09-27",463851577.8,1812042.42335091,3707938.05319802,0,10602114.5244023,6563048.61995299,6118.32826162152,2343.17448955027,15588943.439389,105006370.382586,38282548.5630444,"9_85_10"
"301","2020-10-04",521614117.1,1819179.4978646,1852013.28857907,0,10764698.54411,6810792.09546362,8987.86592591156,2343.17448955027,15588943.5429888,105006370.382586,36846958.0094215,"9_85_10"
"302","2020-10-11",229153894.2,1826316.57237828,-215727.999699622,-412776.113144242,10958655.9252252,3903200.06427996,6638.70561933117,2343.17448955027,15648557.6531098,105006370.382586,31717207.9822582,"9_85_10"
"303","2020-10-18",107775008.9,1833453.64689197,-1562436.62778998,0,10913018.6259199,294004.734704155,3648.53472671252,2343.17448955027,15701858.5035687,105006370.382586,27185890.592511,"9_85_10"
"304","2020-10-25",79028066.41,1840590.38832327,-1921919.43939209,0,10881644.1235799,4645.08146065564,2464.21303691708,2343.17448955027,15721420.2895868,105006370.382586,26531187.831085,"9_85_10"
"305","2020-11-01",80045288.67,1847727.12975456,-1781692.55729594,0,10510839.9257917,772.21486056564,2314.202719244,2343.17448955027,15694563.1648067,105006370.382586,26276867.2551264,"9_85_10"
"306","2020-11-08",3940610.98,1854863.24074477,-1762917.32695684,-638525.781468682,10379632.975522,28.9134574689055,1030.53534849041,2343.17448955027,15669974.0905442,105006370.382586,25506429.8216809,"9_85_10"
"307","2020-11-15",4121432.76,1861999.35173499,-2028713.63849872,0,10425270.2748273,4.42306386819958,362.342609894476,2343.17448955027,15660918.3539204,105006370.382586,25922184.2821473,"9_85_10"
"308","2020-11-22",101570.51,1869135.4627252,-2309534.77326741,48371.1163445163,10288358.6621444,6.48773022501192,2960.72174648051,2343.17448955027,15660687.7323312,105006370.382586,25562328.5842443,"9_85_10"
"309","2020-11-29",8557029.85,1876271.57175167,-2361301.16091712,0,10439531.6456271,6.56358310944004,113043.598179859,2343.17448955027,15660687.7098321,105006370.382586,25730583.1025463,"9_85_10"
"310","2020-12-06",7991773.83,1883407.68077815,-2238008.38260754,0,10254130.9728986,10.0789688979272,272199.546463129,2343.17448955027,15937129.7750967,105006370.382586,26111212.8460875,"9_85_10"
"311","2020-12-13",9361922.85,1890543.78980463,-2118113.5244293,0,10342552.3846033,7.64234811804614,326123.536381127,2343.17448955027,16180892.2858775,105006370.382586,26624349.2890749,"9_85_10"
"312","2020-12-20",9594209.12,1897679.89696338,-2022818.3349241,-266549.197320845,10419565.6124141,6.47112315962477,328224.811211369,2343.17448955027,16269541.4045661,105006370.382586,26627993.8385227,"9_85_10"
"313","2020-12-27",9373672.97,1904816.00412212,-1832426.28549322,-357517.498201969,10547920.8019435,6.44175037779983,328226.212495234,2343.17448955027,16271791.1394351,105006370.382586,26865159.9905407,"9_85_10"
"314","2021-01-03",108552561.5,1911952.11188341,-1534208.0959758,0,10405304.2416143,51901.3603095453,392216.61626199,2343.17448955027,16008310.625398,105006370.382586,27237820.0339811,"9_85_10"
"315","2021-01-10",126812036.4,1919088.21964469,-1308666.73729121,0,9774939.04495953,124339.492919067,433405.178024613,2343.17448955027,15767768.6621772,105006370.382586,26713217.0349235,"9_85_10"
"316","2021-01-17",161617871.4,1926224.32740597,-1311542.26716844,70151.7734889769,9889031.7227566,134754.517940665,462510.584365739,2343.17448955027,15678302.9949051,105006370.382586,26851776.8281842,"9_85_10"
"317","2021-01-24",138491001.1,1933360.43135947,-1458535.6502822,0,10439531.6456271,135799.370390095,411826.549932714,2343.17448955027,15676018.4272721,105006370.382586,27140343.9487889,"9_85_10"
"318","2021-01-31",129906901.8,1940496.53531297,-1531411.49836889,0,9991715.93142671,137362.216084873,352394.985444794,2343.17448955027,15676018.2043781,105006370.382586,26568919.5487681,"9_85_10"
"319","2021-02-07",142642873.6,1947632.63926648,-1477979.46424206,0,10111514.4125694,138191.299269572,326005.030836539,2343.17448955027,15600449.4230923,105006370.382586,26648156.5152818,"9_85_10"
"320","2021-02-14",140125960.3,1954768.74321998,-1493217.85763849,-155370.491250597,9963192.904594,87760.9533838873,324894.00448838,2343.17448955027,15532321.5809096,105006370.382586,26216693.0121963,"9_85_10"
"321","2021-02-21",97489595.67,1961904.84717348,-1751932.85513501,0,10148595.0034881,43130.1843633352,298877.701428365,2343.17448955027,15507183.9800698,105006370.382586,26210102.0358776,"9_85_10"
"322","2021-02-28",86607398.28,1969040.95112698,-2144049.50517382,0,10205640.7719204,34433.8917530121,279533.645122812,2343.17448955027,15506543.4714482,105006370.382586,25853486.4006872,"9_85_10"
"323","2021-03-07",37962702.24,1976177.05508049,-2382523.22886334,0,10607819.4720486,6102.97527892082,151458.897943555,2343.17448955027,15457971.7313751,105006370.382586,25819350.0773529,"9_85_10"
"324","2021-03-14",3438460.58,1983313.15903399,-2361209.42735665,0,10836006.8242746,67.3020122870229,60775.2109230871,2343.17448955027,15414257.750187,105006370.382586,25935553.9935638,"9_85_10"
"325","2021-03-21",2895546.44,1990449.26298749,-2289007.16805642,0,11001441.4637902,0.0653130362252288,36191.9771751881,2343.17448955027,15398146.060461,105006370.382586,26139564.83616,"9_85_10"
"326","2021-03-28",2545133.94,1997585.36694099,-2408322.35087811,0,11118387.0432601,0.0134504043934714,33164.0356570354,2343.17448955027,15397735.6572171,105006370.382586,26140892.940137,"9_85_10"
"327","2021-04-04",3319059.77,2004721.4708945,-2667594.2215247,0,10810335.8434154,0.0131025419724723,18226.7068213625,2343.17448955027,15518192.2510812,105006370.382586,25686225.2382798,"9_85_10"
"328","2021-04-11",2381882.16,2011857.574848,-2800243.47933013,0,10764698.54411,0.013102402293537,8166.12868357261,2343.17448955027,15625507.2308439,105006370.382586,25612329.1867473,"9_85_10"
"329","2021-04-18",2634096.81,2018993.6788015,-2717859.2679578,0,11035669.153036,0.100994024771043,5130.93227383615,2343.17448955027,15664800.4055836,105006370.382586,26009078.1772208,"9_85_10"
"330","2021-04-25",2775396.17,2026129.782755,-2662470.0964205,0,10739027.5632508,0.166527374014033,4756.46853428319,2343.17448955027,15665799.4740479,105006370.382586,25775586.5331844,"9_85_10"
"331","2021-05-02",2606033,2033265.88670851,-2839861.42987404,0,10998589.4178167,0.168522603240925,4744.36586713293,2343.17448955027,15926429.658521,105006370.382586,26125511.2420514,"9_85_10"
"332","2021-05-09",44078.7,2040401.99066201,-2973017.50835061,0,11009997.8869437,0.168523428830627,7490.63552837253,2343.17448955027,16156483.3626971,105006370.382586,26243699.7104936,"9_85_10"
"333","2019-10-13",15703190.71,1430778.87675178,-521549.826409274,-406413.639645429,8014758.2148909,0.889177421107403,189.645119275702,1965.0632677287,16081344.2990109,100109076.507736,24601073.5221633,"9_30_5"
"334","2019-10-20",16903252.55,1437951.17302803,-1670292.17187828,0,7784158.15397123,18.5357002899569,263.534888562683,3045.55729539153,18636816.7816763,100109076.507736,26191961.5646816,"9_30_5"
"335","2019-10-27",17041206.68,1445123.46930427,-1887650.04348216,0,7862899.35696812,75.1816937293896,316.463281669521,3045.72751540452,18757043.1611453,100109076.507736,26180853.3164264,"9_30_5"
"336","2019-11-03",44838814.19,1452295.76728629,-1733806.59748256,0,7938828.9265393,12762.8417596941,358.016278379627,3045.72751540452,18803450.0329828,100109076.507736,26476934.7148793,"9_30_5"
"337","2019-11-10",34654156.8,1459468.06526831,-1770156.88112849,-628683.63403443,8107560.67843174,87352.4671478346,373.97516846304,3045.72751540452,18842981.1082268,100109076.507736,26101941.5065957,"9_30_5"
"338","2019-11-17",36825456.94,1466640.35974704,-2060401.15920148,0,8335348.26226695,227791.751086801,125.845878223124,3045.72751540452,18857501.2694523,100109076.507736,26830052.0567453,"9_30_5"
"339","2019-11-24",39523546.72,1473812.65422577,-2307216.85984118,47625.5306963893,8242545.79872611,324392.165206317,3578.89523483982,3045.72751540452,18858233.1173105,100109076.507736,26646017.0290741,"9_30_5"
"340","2019-12-01",58638124.42,1480984.94870449,-2315725.75761985,0,8326912.2371115,347482.00306393,11091.3929352223,3045.72751540452,18837768.8900071,100109076.507736,26691559.4417178,"9_30_5"
"341","2019-12-08",34595451,1488157.24268773,-2183566.17275891,0,8287540.93256409,354449.313502948,15147.7131135964,3045.72751540452,18820205.3231548,100109076.507736,26784980.0797797,"9_30_5"
"342","2019-12-15",38934322.21,1495329.53667096,-2074442.03382114,0,9890492.29432268,357835.33808387,4678.23222534099,3045.72751540452,18813739.6007056,100109076.507736,28490678.6957028,"9_30_5"
"343","2019-12-22",45290872.74,1502501.83065419,-1972637.24400873,-262440.645129767,10008605.0830866,359011.741367649,583.598355014017,3045.72751540452,18813413.508093,100109076.507736,28452083.5999333,"9_30_5"
"344","2019-12-29",64776493.72,1509674.11998133,-1760329.9854184,-352006.773295082,9676765.97103143,353705.740018216,3792.65567712312,3045.72751540452,18813413.0147154,100109076.507736,28248060.4702254,"9_30_5"
"345","2020-01-05",64894467.84,1516846.40930846,-1462475.61161698,0,9510846.41500387,381866.496560377,11258.1205579425,3045.72751540452,19251251.0021034,100109076.507736,29212638.5594325,"9_30_5"
"346","2020-01-12",24732351.93,1524018.70043161,-1274284.63734217,0,9384297.31986495,168686.256272854,4409.06877234422,3045.72751540452,19617748.4903412,100109076.507736,29427920.9258562,"9_30_5"
"347","2020-01-19",26557621.63,1531190.99155476,-1315868.41391551,69070.463826171,9350551.25070605,56604.9290898842,523.331228036421,3045.72751540452,19750540.4800985,100109076.507736,29445658.7601033,"9_30_5"
"348","2020-01-26",26292907.18,1538363.28267791,-1462672.53694192,0,9412419.84095286,14640.8670490485,56.6843722547946,3045.72751540452,19757207.6033415,100109076.507736,29263061.4689671,"9_30_5"
"349","2020-02-02",28287255.18,1545535.57012666,-1507842.71446343,0,9356175.6424358,7465.84080704232,41.3693428411163,3045.72751540452,19625847.8968679,100109076.507736,29030269.3326322,"9_30_5"
"350","2020-02-09",32890363.52,1552707.85757541,-1448875.99624754,0,9285870.74581395,7438.24549848696,49.9695680225943,3045.72751540452,19512376.9555875,100109076.507736,28912613.5053112,"9_30_5"
"351","2020-02-16",5841619.91,1559880.14502416,-1500378.27302145,-152975.632145138,8838731.60329898,3499.98146003966,57.7717847771775,3045.72751540452,19470435.0244199,100109076.507736,28222296.3483366,"9_30_5"
"352","2020-02-23",5115095.26,1567052.42821693,-1796049.65073996,0,8253794.86340519,1213.33838613877,60.7943638203124,3045.72751540452,19468317.3037154,100109076.507736,27497434.8048629,"9_30_5"
"353","2020-03-01",3178917.26,1574224.7114097,-2176236.40385263,0,8146931.13932039,302.349831650235,209.133433755405,3045.72751540452,19354475.9729573,100109076.507736,26902952.6306156,"9_30_5"
"354","2020-03-08",36760762.07,1581396.99143186,-2363685.71652618,0,7938828.9265393,164.381204380469,254.961375908204,3045.72751540452,19256262.1185662,100109076.507736,26416267.3901068,"9_30_5"
"355","2020-03-15",44275947.01,1588569.27145402,-2312179.42705044,0,8982153.87362714,146.774327705801,215.232045513666,3045.72751540452,19219986.1146663,100109076.507736,27481937.5665856,"9_30_5"
"356","2020-03-22",52300359.72,1595741.55147618,-2262747.04644757,0,7907895.05324527,118.323153175099,184.895075393295,3045.72751540452,19218154.8535812,100109076.507736,26462393.3575991,"9_30_5"
"357","2020-03-29",31399641.03,1602913.01945256,-2418904.92805437,0,8984966.06949201,76.5113019587905,182.43400475622,3045.72751540452,19218152.0827615,100109076.507736,27390430.9164738,"9_30_5"
"358","2020-04-05",32570266.98,1610084.48742894,-2672042.4678105,0,9243687.52662125,49.8149849655472,117.247745328696,3045.72751540452,19074846.9520916,100109076.507736,27259789.2885769,"9_30_5"
"359","2020-04-12",928.58,1617255.95540532,-2760991.01116442,0,9485536.65222,15.8357526344068,3757.29141364351,3045.72751540452,18951029.8196381,100109076.507736,27299650.2707807,"9_30_5"
"360","2020-04-19",1324.52,1624421.1044975,-2660801.90881753,0,9747070.86765328,3.80526551029253,11271.1824728477,3045.72751540452,18905255.192944,100109076.507736,27630265.971531,"9_30_5"
"361","2020-04-26",1688.79,1631586.25358967,-2642080.93735848,0,9969234.62219791,0.628698857998998,15164.6546797703,3045.72751540452,18902943.833413,100109076.507736,27879894.7827362,"9_30_5"
"362","2020-05-03",14732596.16,1638744.21922732,-2845559.85247693,0,9544592.48416277,24.6516197883914,15481.671920699,3045.72751540452,19410445.0899993,100109076.507736,27766773.9919683,"9_30_5"
"363","2020-05-10",15541169.5,1645902.18486497,-2904279.20696859,0,9721761.10486942,135.242319204696,15483.6381193042,3045.72751540452,19833510.8525799,100109076.507736,28315559.5432996,"9_30_5"
"364","2020-05-17",16024383.67,1653060.15050262,-2198228.13407978,0,9690826.66913622,326.618884745761,15483.6384844915,3045.72751540452,19986394.2468913,100109076.507736,29150908.917335,"9_30_5"
"365","2020-05-24",298070926.3,1660199.74736136,-575904.450508407,3108781.14439085,9803315.06617035,427.006259760731,15483.6384844922,1018649.64847485,19994064.3406441,100109076.507736,35025016.1412774,"9_30_5"
"366","2020-05-31",308051668.1,1667339.3442201,1286836.83493243,0,9893305.05262673,8625.42002556436,15483.6384844922,3585426.41887611,19994075.9425485,100109076.507736,36451092.6517139,"9_30_5"
"367","2020-06-07",314923043.7,1674478.94107883,2415030.23699082,0,9583964.06992976,36032.1983051397,4280.21521677434,4503877.18811788,20441149.2964095,100109076.507736,38658812.1460487,"9_30_5"
"368","2020-06-14",327659351.5,1681600.95309799,2469159.03569622,0,9806126.69959605,78317.8443435713,608.025705979262,4503996.38042443,20814217.4511873,100109076.507736,39354026.3900515,"9_30_5"
"369","2020-06-21",323526762.1,1688722.96511714,2077228.40956837,0,9761131.56575807,101233.440506819,167.787123946264,4511746.61011104,20949128.6432997,100109076.507736,39089359.4214851,"9_30_5"
"370","2020-06-28",276481175.9,1695844.97713629,2178906.54682846,-926808.593672931,10137965.8116512,90601.7909572036,179.307789163073,4519303.7913234,20955898.493644,100109076.507736,38651892.1256567,"9_30_5"
"371","2020-07-05",430608370.9,1702949.6511709,3084638.44687586,0,10261703.2733644,514432.642772577,1138.91518509232,4522081.41954159,20958148.6155751,100109076.507736,41045092.9644855,"9_30_5"
"372","2020-07-12",434401710.2,1710054.32520551,4246553.49199448,0,10438870.7691927,1853627.16502046,2757.54161824037,4522081.80418464,20960068.5359302,100109076.507736,43734013.6331462,"9_30_5"
"373","2020-07-19",432281508.5,1717145.05496453,4909659.32088861,0,10461368.8985509,3294412.40525105,4180.42807075727,4532151.16290457,20960774.7712413,100109076.507736,45879692.0418717,"9_30_5"
"374","2020-07-26",658511352.4,1724235.78472354,4851632.16208998,0,10635724.7609535,4556505.41837516,27244.6020454427,4541965.603847,20960810.3817218,100109076.507736,47298118.7137564,"9_30_5"
"375","2020-08-02",409350240.6,1731326.51448256,4431149.05596491,0,10706029.6575753,5202077.90916178,121221.923791757,1731404.27025387,20671335.8477779,100109076.507736,44594545.1790081,"9_30_5"
"376","2020-08-09",446638042.6,1738404.53585969,4050739.17357644,0,10720090.3556801,5555131.92265884,203445.883314533,95135.4921679632,20418606.4256454,100109076.507736,42781553.788903,"9_30_5"
"377","2020-08-16",439431871.1,1745482.55723683,3779186.07438522,0,10787583.6188762,5688000.50204281,232948.661618131,2048.20750712297,20324560.0516384,100109076.507736,42559809.6733047,"9_30_5"
"378","2020-08-23",438484282.8,1752560.57861396,3535628.47943966,0,11063178.5324143,5706821.74333988,234361.877079186,3045.57170417713,20319802.4733937,100109076.507736,42615399.2559849,"9_30_5"
"379","2020-08-30",426700660.6,1759625.21030608,3437655.83012847,0,10886009.9117077,5707515.57619912,153488.765471032,3045.72751540452,20319795.2741341,100109076.507736,42267136.2954619,"9_30_5"
"380","2020-09-06",467858576.1,1766689.8419982,3720677.52452631,574286.399254254,10427622.829392,5810810.52244936,94182.8150774191,3045.72751540452,20447827.5338326,100109076.507736,42845143.1940455,"9_30_5"
"381","2020-09-13",454795389.4,1773743.20179933,4278107.9665392,0,9901741.35900177,5902872.54166986,31315.2857584271,3045.72751540452,20556732.7655647,100109076.507736,42447558.8478487,"9_30_5"
"382","2020-09-20",476726733.8,1780796.56160047,4479317.85099997,0,10095783.7173368,5971189.75590647,11980.3894263505,3045.72751540452,20596599.3304075,100109076.507736,42938713.333193,"9_30_5"
"383","2020-09-27",463851577.8,1787849.9214016,3659107.02831514,0,10452931.4672975,5994635.74193863,8686.40478763601,3045.72751540452,20598606.7666216,100109076.507736,42504863.0578775,"9_30_5"
"384","2020-10-04",521614117.1,1794891.70913455,1827623.53187856,0,10613227.7564736,6035352.90235534,12154.3083569566,3045.72751540452,20598609.8036369,100109076.507736,40884905.7393513,"9_30_5"
"385","2020-10-11",229153894.2,1801933.4968675,-212887.008515268,-406413.639645429,10804455.9504067,5563774.93490441,9023.3367087813,3045.72751540452,20658161.2332781,100109076.507736,38221094.0315203,"9_30_5"
"386","2020-10-18",107775008.9,1808975.28460045,-1541860.39896551,0,10759460.8165687,3643530.04883848,5251.06650402015,3045.72751540452,20709024.3660355,100109076.507736,35387426.9110971,"9_30_5"
"387","2020-10-25",79028066.41,1816016.74369797,-1896609.06618159,0,10728527.7869335,932848.795746718,3720.59877639107,3045.72751540452,20727692.0969813,100109076.507736,32315242.6834697,"9_30_5"
"388","2020-11-01",80045288.67,1823058.2027955,-1758228.87684855,0,10362941.1996215,66351.4369498489,3486.84818550443,3045.72751540452,20701306.9864377,100109076.507736,31201961.5246569,"9_30_5"
"389","2020-11-08",3940610.98,1830099.03986893,-1739700.9035366,-628683.63403443,10233580.4710569,2194.46310073102,1614.94694385235,3045.72751540452,20677842.5510808,100109076.507736,30379992.6619956,"9_30_5"
"390","2020-11-15",4121432.76,1837139.87694236,-2001996.85824498,0,10278575.6048949,193.480385935225,633.451867821031,3045.72751540452,20669200.6122665,100109076.507736,30786791.8956279,"9_30_5"
"391","2020-11-22",101570.51,1844180.71401579,-2279119.76946657,47625.5306963893,10143590.4846005,33.0298338048646,4568.31993940027,3045.72751540452,20668764.7159356,100109076.507736,30432688.7530703,"9_30_5"
"392","2020-11-29",8557029.85,1851221.54915171,-2330204.42896248,0,10292636.3029997,16.0921245875361,128988.226119281,3045.72751540452,20668764.0564217,100109076.507736,30614467.5253698,"9_30_5"
"393","2020-12-06",7991773.83,1858262.38428763,-2208535.33277464,0,10109844.4154416,21.286170930699,286836.112447943,3045.72751540452,20944844.4692409,100109076.507736,30994319.0623298,"9_30_5"
"394","2020-12-13",9361922.85,1865303.21942354,-2090219.40841866,0,10197021.643594,21.2726661977337,341741.464662649,3045.72751540452,21177421.5067216,100109076.507736,31494335.4261646,"9_30_5"
"395","2020-12-20",9594209.12,1872344.05271667,-1996179.191813,-262440.645129767,10272951.2131651,20.3150270305813,345708.481717511,3045.72751540452,21262039.4972682,100109076.507736,31497489.4504672,"9_30_5"
"396","2020-12-27",9373672.97,1879384.88600979,-1808294.4763154,-352006.773295082,10399500.308304,18.3462884484642,345732.871173602,3045.72751540452,21266292.952131,100109076.507736,31733673.8418118,"9_30_5"
"397","2021-01-03",108552561.5,1886425.7198974,-1514003.61773607,0,10258890.5150603,14371.3094269591,416212.414154721,3045.72751540452,21003027.4860471,100109076.507736,32067969.5543659,"9_30_5"
"398","2021-01-10",126812036.4,1893466.55378502,-1291432.48550619,0,9637395.2289232,90846.9332019078,459704.148710881,3045.72751540452,20773447.4654013,100109076.507736,31566473.5720315,"9_30_5"
"399","2021-01-17",161617871.4,1900507.38767263,-1294270.14660866,69070.463826171,9749882.50107898,231976.265711697,492926.275940127,3045.72751540452,20688078.4917997,100109076.507736,31841216.9669361,"9_30_5"
"400","2021-01-24",138491001.1,1907548.2178033,-1439327.72673826,0,10292636.3029997,308064.509925461,433840.914475582,3045.72751540452,20683760.7744214,100109076.507736,32189568.7204025,"9_30_5"
"401","2021-01-31",129906901.8,1914589.04793397,-1511243.84941956,0,9851121.83343403,319428.298116891,371147.566296309,3045.72751540452,20683754.2408326,100109076.507736,31631842.8647096,"9_30_5"
"402","2021-02-07",142642873.6,1921629.87806464,-1458515.47887895,0,9969234.62219791,322523.483904371,344315.363004448,3045.72751540452,20608259.021391,100109076.507736,31710492.6171989,"9_30_5"
"403","2021-02-14",140125960.3,1928670.70819531,-1473553.19298774,-152975.632145138,9823000.15600488,268229.55633155,342227.971970962,3045.72751540452,20543233.9717966,100109076.507736,31281879.2666818,"9_30_5"
"404","2021-02-21",97489595.67,1935711.53832598,-1728861.0897455,0,10005793.4496609,180337.497887181,314160.985146603,3045.72751540452,20519241.5957173,100109076.507736,31229429.7045078,"9_30_5"
"405","2021-02-28",86607398.28,1942752.36845665,-2115813.82991841,0,10062036.5232996,119919.844592353,294927.889679258,3045.72751540452,20518030.7851848,100109076.507736,30824899.3088097,"9_30_5"
"406","2021-03-07",37962702.24,1949793.19858732,-2351147.01669271,0,10458556.1402468,48760.8919999921,160760.807583666,3045.72751540452,20469496.5569455,100109076.507736,30739266.306186,"9_30_5"
"407","2021-03-14",3438460.58,1956834.028718,-2330113.90347067,0,10683532.6530955,9946.80704619229,70078.8340352495,3045.72751540452,20427766.64921,100109076.507736,30821090.7961496,"9_30_5"
"408","2021-03-21",2895546.44,1963874.85884867,-2258862.49886917,0,10846639.450819,791.477849760059,44266.9538420762,3045.72751540452,20412386.1600172,100109076.507736,31012142.130023,"9_30_5"
"409","2021-03-28",2545133.94,1970915.68897934,-2376606.3817992,0,10961939.4812788,12.8911009456039,40082.4468217931,3045.72751540452,20411610.1980357,100109076.507736,31011000.0519328,"9_30_5"
"410","2021-04-04",3319059.77,1977956.51911001,-2632463.818066,0,10658222.8903116,0.109333744154565,22801.1718200913,3045.72751540452,20531958.7171815,100109076.507736,30561521.3172064,"9_30_5"
"411","2021-04-11",2381882.16,1984997.34924068,-2763366.17527178,0,10613227.7564736,0.0382678884640557,11054.564813915,3045.72751540452,20634371.4745905,100109076.507736,30483330.7356302,"9_30_5"
"412","2021-04-18",2634096.81,1992038.17937135,-2682066.90798907,0,10880385.5199779,0.110455577077455,7309.28722658169,3045.72751540452,20671871.2091733,100109076.507736,30872583.125731,"9_30_5"
"413","2021-04-25",2775396.17,1999079.00950202,-2627407.17420795,0,10587917.9936898,0.240308071669488,6760.73809862407,3045.72751540452,20673759.6066955,100109076.507736,30643156.1416015,"9_30_5"
"414","2021-05-02",2606033,2006119.83963269,-2802462.38432459,0,10843827.5361737,0.394158477791039,6731.6853605511,3045.72751540452,20934054.4021894,100109076.507736,30991317.2007057,"9_30_5"
"415","2021-05-09",44078.7,2013160.66976336,-2933864.88771762,0,10855075.4759745,0.463966778956867,10346.740037326,3045.72751540452,21153551.4244845,100109076.507736,31101315.6140242,"9_30_5"
"416","2019-10-13",15703190.71,1460992.83765227,-532253.785696765,-413444.560338094,8182498.94958394,3.88298661804191,6.65127643086614,2048.56153710593,59579482.3114535,56267258.3421788,68279334.848455,"12_119_15"
"417","2019-10-20",16903252.55,1468316.5923284,-1704572.19365317,0,7947072.66401696,51.9831844863144,19.045296654809,2829.02927274143,62345122.9915023,56267258.3421788,70058840.1119484,"12_119_15"
"418","2019-10-27",17041206.68,1475640.34700452,-1926390.98095609,0,8027461.84027607,189.91642381658,41.6613591223558,3068.7191810229,62351433.6953885,56267258.3421788,69931445.1986769,"12_119_15"
"419","2019-11-03",44838814.19,1482964.10342245,-1769390.14922029,0,8104980.53848262,24633.5250470765,56.1749369754847,3119.91621479554,62396047.4186934,56267258.3421788,70242411.5275771,"12_119_15"
"420","2019-11-10",34654156.8,1490287.85984037,-1806486.46313319,-639559.806338904,8277243.67426333,151509.672821107,61.7482537946465,3128.24696905541,62438516.5130276,56267258.3421788,69914701.4457032,"12_119_15"
"421","2019-11-17",36825456.94,1497611.61268102,-2102687.53148508,0,8509798.62046207,265723.124620373,36.6316248681422,3129.31757135151,62454113.383128,56267258.3421788,70627725.1586026,"12_119_15"
"422","2019-11-24",39523546.72,1504935.36552167,-2354568.72170485,48449.4482439513,8415053.89578268,289378.726928429,376.199708154176,3129.42812264178,62454151.9115292,56267258.3421788,70360906.2541319,"12_119_15"
"423","2019-12-01",58638124.42,1512259.11836232,-2363252.25072831,0,8501186.03788349,294378.52747143,1249.88759993583,3129.43739902433,62434405.6163835,56267258.3421788,70383356.3743714,"12_119_15"
"424","2019-12-08",34595451,1519582.87069701,-2228380.30600418,0,8460990.73199087,298098.857141878,2855.96809101682,3129.43803718771,62415538.9888702,56267258.3421788,70471816.548824,"12_119_15"
"425","2019-12-15",38934322.21,1526906.6230317,-2117016.57214887,0,10097490.2348024,300497.822853394,2588.7330154666,3129.43807345234,62408593.0771078,56267258.3421788,72222189.3567354,"12_119_15"
"426","2019-12-22",45290872.74,1534230.3753664,-2013122.40511831,-266980.845512925,10218075.0040594,300653.642360537,1422.06296651952,3129.43807516573,62408575.9074655,56267258.3421788,72185983.1796623,"12_119_15"
"427","2019-12-29",64776493.72,1541554.12294667,-1796457.88642106,-358096.459921933,9879290.83702398,294542.191532783,1433.71815677491,3129.43807523343,62408575.9074655,56267258.3421788,71973971.868858,"12_119_15"
"428","2020-01-05",64894467.84,1548877.87052694,-1492490.53754164,0,9709898.75350627,323577.991115532,1613.48021483779,3129.43807523567,62831188.9204987,56267258.3421788,72925795.9163958,"12_119_15"
"429","2020-01-12",24732351.93,1556201.61994115,-1300437.25055018,0,9580701.11456551,116397.406915988,1126.5735581585,3129.43807523574,63224928.6596912,56267258.3421788,73182047.5621971,"12_119_15"
"430","2020-01-19",26557621.63,1563525.36935536,-1342874.46629447,70265.3768556428,9546248.7745146,20545.5196348268,965.437126261404,3129.43807523574,63367502.7666541,56267258.3421788,73229308.2159216,"12_119_15"
"431","2020-01-26",26292907.18,1570849.11876958,-1492691.5044376,0,9609412.21140609,7475.84348327885,364.425968558109,3129.43807523574,63367853.638355,56267258.3421788,73066393.1716201,"12_119_15"
"432","2020-02-02",28287255.18,1578172.8644318,-1538788.72615837,0,9551990.87904062,8142.30456465263,35.1971930957622,3129.43807523574,63241160.1576835,56267258.3421788,72843842.1148305,"12_119_15"
"433","2020-02-09",32890363.52,1585496.61009402,-1478611.81225428,0,9480214.57246532,8185.07434248103,5.39296354065312,3129.43807523574,63119356.135957,56267258.3421788,72717775.4116433,"12_119_15"
"434","2020-02-16",5841619.91,1592820.35575624,-1531171.08923391,-155622.097304282,9023717.26264643,3153.94798586999,5.95832910590493,3129.43807523574,63074325.4016272,56267258.3421788,72010359.1778819,"12_119_15"
"435","2020-02-23",5115095.26,1600144.0970726,-1832910.63959732,0,8426538.39193995,668.500810773975,6.6530203989315,3129.43807523574,63074213.964128,56267258.3421788,71271790.4054496,"12_119_15"
"436","2020-03-01",3178917.26,1607467.83838896,-2220900.10554949,0,8317438.11884027,199.375119669158,17.6366198828801,3129.43807523574,62964455.2232507,56267258.3421788,70671807.5247453,"12_119_15"
"437","2020-03-08",36760762.07,1614791.57646777,-2412196.50954534,0,8104980.53848262,214.622976864018,23.9189543523221,3129.43807523574,62859037.7480063,56267258.3421788,70169981.3334178,"12_119_15"
"438","2020-03-15",44275947.01,1622115.31454657,-2359633.13750974,0,9170141.21516526,226.68061152662,30.7055008967081,3129.43807523574,62820091.3156285,56267258.3421788,71256101.5320182,"12_119_15"
"439","2020-03-22",52300359.72,1629439.05262537,-2309186.23794307,0,8073399.25069471,161.101864893052,36.2824188705556,3129.43807523574,62819994.9525307,56267258.3421788,70216973.8402667,"12_119_15"
"440","2020-03-29",31399641.03,1636761.96151031,-2468549.00530095,0,9173012.26742827,90.9220424467976,32.2231312279358,3129.43807523574,62819994.9525306,56267258.3421788,71164472.7594171,"12_119_15"
"441","2020-04-05",32570266.98,1644084.87039525,-2726881.78007105,0,9437148.50141492,64.903158590231,22.0864133841308,3129.43807523574,62681819.2580561,56267258.3421788,71039387.2774425,"12_119_15"
"442","2020-04-12",928.58,1651407.77928018,-2817655.84715928,0,9684059.28313917,18.1923162349547,335.874920282236,3129.43807523574,62548891.8637349,56267258.3421788,71070186.5843067,"12_119_15"
"443","2020-04-19",1324.52,1658724.23584413,-2715410.52694352,0,9951067.14359927,2.16729222215766,1234.39988429624,3129.43807523574,62499727.8019231,56267258.3421788,71398474.6596747,"12_119_15"
"444","2020-04-26",1688.79,1666040.69240809,-2696305.33808821,0,10177880.5594824,0.461513025607034,2923.44118343707,3129.43807523574,62499606.121554,56267258.3421788,71653275.376128,"12_119_15"
"445","2020-05-03",14732596.16,1673349.81382349,-2903960.32596712,0,9744351.09355719,72.0009529723396,5295.76392915131,3129.43807523574,62989447.848788,56267258.3421788,71511685.6331589,"12_119_15"
"446","2020-05-10",15541169.5,1680658.93523889,-2963884.79941012,0,9925227.67323217,381.441955663937,6412.63434029779,3129.43807523574,63444088.239853,56267258.3421788,72096013.5632851,"12_119_15"
"447","2020-05-17",16024383.67,1687968.05665429,-2243343.18016042,0,9893645.81123381,583.434782726644,6419.28941552989,3129.43807523574,63608309.8141973,56267258.3421788,72956712.6641985,"12_119_15"
"448","2020-05-24",298070926.3,1695258.42139466,-587723.949776899,3162562.7883734,10008488.4759647,583.434783520026,6419.28941554568,1960759.68191631,63608713.6971895,56267258.3421788,79855061.8392608,"12_119_15"
"449","2020-05-31",308051668.1,1702548.78613503,1313247.06151728,0,10100361.8612759,14924.616390596,6419.28941554568,3828623.20508432,63608713.6971897,56267258.3421788,80574838.5170084,"12_119_15"
"450","2020-06-07",314923043.7,1709839.15087541,2464594.79252482,0,9784546.68655504,62582.6714335768,3241.27928143289,4409281.53492257,64040931.6757326,56267258.3421788,82475017.7913255,"12_119_15"
"451","2020-06-14",327659351.5,1717111.55943463,2519834.49651344,0,10011358.9540173,91582.3179540656,1424.86956551372,4552928.89378491,64443309.3787545,56267258.3421788,83337550.4700244,"12_119_15"
"452","2020-06-21",323526762.1,1724383.96799386,2119860.13371238,0,9965422.11780911,93456.0307993621,428.558417528542,4590452.12335277,64588938.1555801,56267258.3421788,83082941.0876651,"12_119_15"
"453","2020-06-28",276481175.9,1731656.37655309,2223625.04885361,-942842.301904475,10350143.1210527,80327.6022270874,65.7827431988272,4599603.74984844,64589296.4970555,56267258.3421788,82631875.8764292,"12_119_15"
"454","2020-07-05",430608370.9,1738911.0809991,3147945.61846348,0,10476470.2819409,574854.134861079,102.654804578413,4601852.42978426,64591469.9297689,56267258.3421788,85131606.1306223,"12_119_15"
"455","2020-07-12",434401710.2,1746165.7854451,4333707.07423878,0,10657345.713195,2270949.36591301,289.277709101798,4602362.34119644,64593543.9205619,56267258.3421788,88204363.4782593,"12_119_15"
"456","2020-07-19",432281508.5,1753406.25115226,5010422.06842523,0,10680314.7055095,3497383.80524034,646.023623068661,4613488.09000247,64594306.8344294,56267258.3421788,90149967.7783823,"12_119_15"
"457","2020-07-26",658511352.4,1760646.71685942,4951203.99686256,0,10858319.658711,4604462.33646194,4718.75035042397,4619330.37351741,64594308.719852,56267258.3421788,91392990.5526148,"12_119_15"
"458","2020-08-02",409350240.6,1767887.18256658,4522091.16099522,0,10930095.9652863,5493497.61049699,26515.7618358908,1117763.96078653,64313837.7630329,56267258.3421788,88171689.4050005,"12_119_15"
"459","2020-08-09",446638042.6,1775114.67152715,4133873.9864029,0,10944450.9394962,5850469.97869622,68258.2795442045,102522.644396663,64041716.6412315,56267258.3421788,86916407.1412948,"12_119_15"
"460","2020-08-16",439431871.1,1782342.16048773,3856747.70288498,0,11013356.7680189,5886314.91579357,123505.086804469,11919.7348672187,63940488.8848213,56267258.3421788,86614675.2536782,"12_119_15"
"461","2020-08-23",438484282.8,1789569.6494483,3608191.48566319,0,11294719.6026888,5885961.56792209,163934.167368671,4240.54375455427,63940237.9538479,56267258.3421788,86686854.9706935,"12_119_15"
"462","2020-08-30",426700660.6,1796783.46597197,3508208.10756558,0,11113843.0230139,5885791.23122922,140039.099601384,3276.96357526912,63940237.9538478,56267258.3421788,86388179.844805,"12_119_15"
"463","2020-09-06",467858576.1,1803997.28249564,3797038.36049591,584221.504118243,10645862.3654586,6104495.84546192,106002.223925994,3145.90349361178,64064045.0186504,56267258.3421788,87108808.5041004,"12_119_15"
"464","2020-09-13",454795389.4,1811199.58909821,4365909.15289295,0,10108974.7309597,6304987.04719941,51894.1647331334,3130.89331252229,64181357.5312635,56267258.3421788,86827453.1094595,"12_119_15"
"465","2020-09-20",476726733.8,1818401.89570078,4571248.54196181,0,10307078.1984232,6373271.41175721,20485.6953075915,3129.53800200905,64224308.9276784,56267258.3421788,87317924.208831,"12_119_15"
"466","2020-09-27",463851577.8,1825604.20230334,3734204.23030121,0,10671700.6874048,6371893.51938314,8402.01030332965,3129.44324890446,64224414.941685,56267258.3421788,86839349.0346297,"12_119_15"
"467","2020-10-04",521614117.1,1832794.69246872,1865132.52313406,0,10835351.8148174,6462268.79742682,4732.62057435783,3129.43825996604,64224414.941685,56267258.3421788,85227824.8283663,"12_119_15"
"468","2020-10-11",229153894.2,1839985.18263409,-217256.167043555,-413444.560338094,11030582.2202813,5423879.73801987,3256.2524818395,3129.43807807978,64282073.1920507,56267258.3421788,81952205.2961643,"12_119_15"
"469","2020-10-18",107775008.9,1847175.67279946,-1573504.56813559,0,10984645.3840731,2043052.85363865,2744.75114809135,3129.43807508202,64336916.0832744,56267258.3421788,77644159.6148732,"12_119_15"
"470","2020-10-25",79028066.41,1854365.82738957,-1935533.87297994,0,10953064.9576009,151882.972872732,2063.84430154803,3129.4380752205,64357046.5923159,56267258.3421788,75386019.7595759,"12_119_15"
"471","2020-11-01",80045288.67,1861555.98197967,-1794313.65602573,0,10579827.0149884,6054.52962357802,1370.44464083859,3129.43807523499,64330628.2491746,56267258.3421788,74988252.0024566,"12_119_15"
"472","2020-11-08",3940610.98,1868745.50141032,-1775405.42628962,-639559.806338904,10447758.8979951,592.864546113953,695.214776045509,3129.43807523571,64305328.9426268,56267258.3421788,74211285.6268011,"12_119_15"
"473","2020-11-15",4121432.76,1875935.02084096,-2043084.57753707,0,10493695.7342033,69.0888384673059,397.200813415567,3129.43807523574,64296012.2329398,56267258.3421788,74626154.1381741,"12_119_15"
"474","2020-11-22",101570.51,1883124.5402716,-2325894.98439022,48449.4482439513,10355885.512684,23.2699777621508,871.319264753488,3129.43807523574,64295989.2012049,56267258.3421788,74261577.7453319,"12_119_15"
"475","2020-11-29",8557029.85,1890314.05772382,-2378028.07317854,0,10508050.7084131,29.8868961850815,21591.2179213828,3129.43807523574,64295989.2012048,56267258.3421788,74341076.437056,"12_119_15"
"476","2020-12-06",7991773.83,1897503.57517603,-2253861.91729248,0,10321433.172633,37.8667486141406,81986.0017495028,3129.43807523574,64563700.4560176,56267258.3421788,74613928.5931075,"12_119_15"
"477","2020-12-13",9361922.85,1904693.09262824,-2133117.75161948,0,10410434.9314707,37.5615900500194,171563.928872265,3129.43807523574,64815261.1766503,56267258.3421788,75172002.3776673,"12_119_15"
"478","2020-12-20",9594209.12,1911882.60819875,-2037147.51299299,-266980.845512925,10487953.6296773,32.2093036070474,249261.672116628,3129.43807523574,64906860.0526812,56267258.3421788,75254991.2515467,"12_119_15"
"479","2020-12-27",9373672.97,1919072.12376925,-1845406.77024048,-358096.459921933,10617151.268618,29.3770943158332,274786.673753399,3129.43807523574,64907085.8083959,56267258.3421788,75517751.4595437,"12_119_15"
"480","2021-01-03",108552561.5,1926261.6399468,-1545076.07191927,0,10473598.6554674,28424.5603498519,306441.926845454,3129.43807523574,64651356.2287748,56267258.3421788,75844136.3775403,"12_119_15"
"481","2021-01-10",126812036.4,1933451.15612435,-1317937.03032134,0,9839096.10534181,164373.730802003,331588.197140955,3129.43807523574,64403592.6211911,56267258.3421788,75357294.2183541,"12_119_15"
"482","2021-01-17",161617871.4,1940640.6723019,-1320832.92978835,70265.3768556428,9953937.62165183,261041.809471797,364609.635673611,3129.43807523574,64311515.0644333,56267258.3421788,75584306.688675,"12_119_15"
"483","2021-01-24",138491001.1,1947830.18464317,-1468867.58009116,0,10508050.7084131,267057.742544479,361014.56744969,3129.43807523574,64311286.8761061,56267258.3421788,75929501.9371407,"12_119_15"
"484","2021-01-31",129906901.8,1955019.69698444,-1542259.66386058,0,10057295.7902255,270551.425792404,342775.131061494,3129.43807523574,64311286.876106,56267258.3421788,75397798.6943845,"12_119_15"
"485","2021-02-07",142642873.6,1962209.20932571,-1488449.12954005,0,10177880.5594824,272084.431490116,315307.243607746,3129.43807523574,64238199.0316358,56267258.3421788,75480360.784077,"12_119_15"
"486","2021-02-14",140125960.3,1969398.72166698,-1503795.46819715,-155622.097304282,10028585.5547006,216508.857216968,285029.638923717,3129.43807523574,64168148.088407,56267258.3421788,75011382.7334891,"12_119_15"
"487","2021-02-21",97489595.67,1976588.23400825,-1764343.14300543,0,10215204.5260068,129879.601100766,259581.500092197,3129.43807523574,64142304.0346248,56267258.3421788,74962344.1909027,"12_119_15"
"488","2021-02-28",86607398.28,1983777.74634952,-2159237.45686366,0,10272624.7099514,86427.4361646318,248781.795209277,3129.43807523574,64142240.1143031,56267258.3421788,74577743.7831895,"12_119_15"
"489","2021-03-07",37962702.24,1990967.25869079,-2399400.47335447,0,10677443.0790361,34245.6437187883,179448.461055777,3129.43807523574,64095295.2852427,56267258.3421788,74581128.6924649,"12_119_15"
"490","2021-03-14",3438460.58,1998156.77103207,-2377935.6897987,0,10907128.1213927,3644.23370941261,113172.34073365,3129.43807523574,64050369.9339745,56267258.3421788,74697665.1491189,"12_119_15"
"491","2021-03-21",2895546.44,2005346.28337334,-2305221.9663632,0,11073648.5784369,54.7025911127549,62737.5202529597,3129.43807523574,64033812.5436452,56267258.3421788,74873507.1000116,"12_119_15"
"492","2021-03-28",2545133.94,2012535.79571461,-2425382.35039325,0,11191361.7212204,0.161528728188754,30093.8157046394,3129.43807523574,64033771.6034839,56267258.3421788,74845510.1853343,"12_119_15"
"493","2021-04-04",3319059.77,2019725.30805588,-2686490.84311242,0,10881288.6510256,0.0993676448952343,15385.7991557312,3129.43807523574,64150201.264223,56267258.3421788,74383239.7167906,"12_119_15"
"494","2021-04-11",2381882.16,2026914.82039715,-2820079.75763491,0,10835351.8148174,0.0993676447128052,9805.39350002045,3129.43807523574,64260569.8819998,56267258.3421788,74315691.6905223,"12_119_15"
"495","2021-04-18",2634096.81,2034104.33273842,-2737111.95552958,0,11108100.9184878,0.343943388192908,5725.27019314029,3129.43807523574,64300990.2031199,56267258.3421788,74714938.5510284,"12_119_15"
"496","2021-04-25",2775396.17,2041293.84507969,-2681330.41988902,0,10809512.3444503,0.802437851338486,3233.65352198075,3129.43807523574,64301089.9773103,56267258.3421788,74476929.6409863,"12_119_15"
"497","2021-05-02",2606033,2048483.35742096,-2859978.35259373,0,11070777.8132791,1.03638273702432,2409.28729221829,3129.43807523574,64553479.6674656,56267258.3421788,74818302.2473222,"12_119_15"
"498","2021-05-09",44078.7,2055672.86976223,-2994077.67798799,0,11082261.1610155,1.03638273789875,3073.84260128501,3129.43807523574,64790852.6556827,56267258.3421788,74940913.3255317,"12_119_15"
